,horizon,mse,rmse,mae,mape,coverage
0,37 days 00:00:00.000000000,503.7923767269862,22.445319706499756,18.496017092576665,0.07124663337952192,0.29772439949431095
1,38 days 00:00:00.000000000,551.926083872264,23.49310715661647,19.246826547529473,0.0740214733138285,0.2844500632111252
2,39 days 00:00:00.000000000,603.0692090658636,24.55746748070459,20.00626185007992,0.07684375981996562,0.27307206068268014
3,40 days 00:00:00.000000000,645.4562526524077,25.40583107580635,20.571995224447935,0.07921163054360987,0.26738305941845764
4,41 days 00:00:00.000000000,679.1181923891127,26.0598962467066,21.049902620950675,0.08135369594919951,0.2654867256637168
5,42 days 00:00:00.000000000,703.6576982450722,26.526547047157724,21.430735250797476,0.08297321119147864,0.26106194690265483
6,43 days 00:00:00.000000000,752.1971006689135,27.426211927076505,22.235445001981063,0.08616081455261904,0.24041297935103245
7,44 days 00:00:00.000000000,808.2233815238169,28.429269802860166,23.000834936153847,0.08919597404884735,0.23072060682680157
8,45 days 00:00:00.000000000,862.3268979894922,29.36540307895487,23.614062523945293,0.09166933976637041,0.2243994943109987
9,46 days 00:00:00.000000000,912.3067038055856,30.204415303157013,24.125231426666858,0.09379280385212563,0.21744627054361565
10,47 days 00:00:00.000000000,965.0201830242638,31.0647739895893,24.640595662387042,0.09616357164229547,0.21554993678887477
11,48 days 00:00:00.000000000,1003.9668813025489,31.685436422788133,25.093941932325954,0.09828140535398468,0.21681415929203535
12,49 days 00:00:00.000000000,1032.0946267651523,32.12622957592678,25.48753212203671,0.10001281590690737,0.2168141592920354
13,50 days 00:00:00.000000000,1107.221165482366,33.27493298990046,26.421375246589314,0.10390762884273214,0.20442477876106196
14,51 days 00:00:00.000000000,1148.98353915228,33.89665970493671,26.948187285645147,0.10587387072967543,0.20164348925410877
15,52 days 00:00:00.000000000,1219.281841507919,34.91821647088979,27.617251861400526,0.10856767852307626,0.2085967130214917
16,53 days 00:00:00.000000000,1282.2793489099408,35.80892834070772,28.23506026768181,0.1111192504454705,0.21112515802781287
17,54 days 00:00:00.000000000,1333.3932819658837,36.51565803824277,28.71054196607465,0.11331289057686575,0.21150442477876102
18,55 days 00:00:00.000000000,1374.633454458396,37.076049606968596,29.200840614643564,0.11570154261925515,0.21091445427728608
19,56 days 00:00:00.000000000,1413.3830914734554,37.59498758443013,29.719360855051637,0.1177888069310048,0.21061946902654866
20,57 days 00:00:00.000000000,1481.602236613734,38.491586569193714,30.450558363399697,0.12059210005371587,0.2109144542772861
21,58 days 00:00:00.000000000,1532.3415480401202,39.14513441080667,30.985830153724613,0.1225510838817798,0.21327433628318587
22,59 days 00:00:00.000000000,1614.6825871924068,40.183113209312275,31.82761499940579,0.12584264859561853,0.2161820480404552
23,60 days 00:00:00.000000000,1683.5302713637802,41.030845364966346,32.49741755086449,0.12856945932282846,0.22566371681415937
24,61 days 00:00:00.000000000,1736.4131480099402,41.6702909518273,33.03535048779783,0.13089625399664295,0.22756005056890025
25,62 days 00:00:00.000000000,1773.581282112233,42.113908416486744,33.466663797442244,0.13308311536315937,0.2256637168141593
26,63 days 00:00:00.000000000,1818.9152365465197,42.64874249666126,34.05413771507774,0.13543992386512133,0.2212389380530973
27,64 days 00:00:00.000000000,1891.2267628928778,43.48823706351958,34.96322275180405,0.13892600077979667,0.21504424778761058
28,65 days 00:00:00.000000000,1954.6979019931632,44.211965597484614,35.69669911040858,0.14155832563156556,0.2130214917825537
29,66 days 00:00:00.000000000,2008.9531996047422,44.821347588004784,36.309332677868355,0.14379574439899417,0.21460176991150437
30,67 days 00:00:00.000000000,2049.9893302425057,45.276807862773474,36.796176623190775,0.1456972117682942,0.21386430678466073
31,68 days 00:00:00.000000000,2074.1363413151407,45.54268702344143,37.07582893026524,0.14687245320116238,0.21175726927939326
32,69 days 00:00:00.000000000,2107.3488015760513,45.90586892300429,37.46057085890929,0.14869078136570898,0.20648967551622427
33,70 days 00:00:00.000000000,2114.700544361811,45.985873313027454,37.59399961553047,0.1492581591964229,0.20132743362831862
34,71 days 00:00:00.000000000,2149.4141374220417,46.3617745283983,38.036613596166205,0.15086696196160293,0.1998525073746313
35,72 days 00:00:00.000000000,2187.4874055401547,46.77058269404129,38.43590525590942,0.15212240760146312,0.20353982300884962
36,73 days 00:00:00.000000000,2205.8073216047787,46.966023055021154,38.61521982543166,0.15270042210242482,0.2079646017699114
37,74 days 00:00:00.000000000,2214.5879377744486,47.059408599922385,38.71247246123308,0.15304294358347179,0.20922882427307204
38,75 days 00:00:00.000000000,2225.9991150629435,47.18049507013405,38.88973522474411,0.15369303481710264,0.20670037926675094
39,76 days 00:00:00.000000000,2228.2192923600014,47.20401775654273,39.00969482086866,0.15460168302304972,0.20353982300884962
40,77 days 00:00:00.000000000,2217.975844259139,47.09539090249851,39.06297602311522,0.15493365805639028,0.19911504424778761
41,78 days 00:00:00.000000000,2211.719344268855,47.02892029665209,39.073821380750054,0.15492242066547748,0.19395280235988197
42,79 days 00:00:00.000000000,2242.2294441494655,47.352185209866136,39.48525049242216,0.1563291523279146,0.19026548672566373
43,80 days 00:00:00.000000000,2251.702221296796,47.45210449808096,39.641074660880115,0.15681350124642798,0.19026548672566373
44,81 days 00:00:00.000000000,2237.482147781036,47.30203111686681,39.56517237370076,0.15625761928357454,0.1890012642225032
45,82 days 00:00:00.000000000,2227.7493910842245,47.199040150030854,39.58951170509051,0.156336760249088,0.1852085967130215
46,83 days 00:00:00.000000000,2236.3479205106514,47.290040394470495,39.815760230402816,0.15764678195761414,0.18204804045512007
47,84 days 00:00:00.000000000,2214.753913937473,47.06117204168924,39.73791384365628,0.15749989759793123,0.17772861356932157
48,85 days 00:00:00.000000000,2202.9712173804505,46.93582019503282,39.664769957526644,0.15710461555747124,0.17109144542772853
49,86 days 00:00:00.000000000,2230.269568080739,47.2257299369818,40.00018475392483,0.15824830490459021,0.1637168141592921
50,87 days 00:00:00.000000000,2224.9234305549367,47.16909401880575,39.9892571483395,0.15808548016182952,0.16224188790560473
51,88 days 00:00:00.000000000,2202.71133913209,46.93305167077984,39.82261700004287,0.1572334892117121,0.1580278128950695
52,89 days 00:00:00.000000000,2179.6121938628185,46.68631698755877,39.70500214456362,0.15665280523672312,0.1554993678887484
53,90 days 00:00:00.000000000,2191.2990647759993,46.81131342716202,39.84667568032376,0.15760268064773575,0.15044247787610615
54,91 days 00:00:00.000000000,2168.306613423699,46.56507933445082,39.65084906813773,0.1570317448926151,0.14513274336283186
55,92 days 00:00:00.000000000,2169.412380553542,46.57695117280157,39.59356548371022,0.15669488260436112,0.14159292035398233
56,93 days 00:00:00.000000000,2192.1398241372763,46.820292866846486,39.84788224081226,0.15765480179499342,0.1312684365781711
57,94 days 00:00:00.000000000,2211.9710619379134,47.031596421319925,39.9868148318983,0.15833414207294197,0.12979351032448377
58,95 days 00:00:00.000000000,2179.4841004117575,46.684945115227,39.650340959365536,0.1567541567109952,0.1302149178255373
59,96 days 00:00:00.000000000,2162.1823158783645,46.49927220805036,39.448337647739685,0.1557891449418399,0.13211125158027812
60,97 days 00:00:00.000000000,2190.13599249737,46.79888879554054,39.533607061201764,0.15627807351727227,0.12942477876106195
61,98 days 00:00:00.000000000,2178.8307090879784,46.67794671028256,39.25032513553429,0.1552865339832276,0.13716814159292035
62,99 days 00:00:00.000000000,2171.6182338640683,46.60062482267881,39.07724014697841,0.15490775108316465,0.13643067846607668
63,100 days 00:00:00.000000000,2192.9756007498863,46.829217383487055,39.04913080540845,0.15485647915140172,0.13463969658659922
64,101 days 00:00:00.000000000,2232.983258352358,47.254452259573995,39.19694304943893,0.15555042601865313,0.13021491782553724
65,102 days 00:00:00.000000000,2241.381877783053,47.343234762561934,39.09932197464535,0.15482402436291248,0.12705436156763594
66,103 days 00:00:00.000000000,2254.772844371309,47.48444844758449,39.038886552298386,0.15438416457847315,0.12758112094395288
67,104 days 00:00:00.000000000,2319.7480974233795,48.16376332289016,39.38974715879196,0.15602436305071277,0.13274336283185842
68,105 days 00:00:00.000000000,2314.856952047905,48.11296033344763,39.089058201265374,0.1550445908700367,0.1460176991150443
69,106 days 00:00:00.000000000,2332.4408410380624,48.29535009747897,39.04336725282773,0.15524509703140202,0.15423514538558783
70,107 days 00:00:00.000000000,2398.3849935940225,48.97330899167446,39.36926588841513,0.1565284074287528,0.15423514538558789
71,108 days 00:00:00.000000000,2446.487110634213,49.46197641253545,39.4695769730382,0.1571200466539499,0.1630847029077118
72,109 days 00:00:00.000000000,2436.5711262539994,49.36163617885857,39.16058236519306,0.15578596625371374,0.17625368731563423
73,110 days 00:00:00.000000000,2408.9408165613568,49.08096185448444,38.80774745356679,0.15444717960233212,0.18215339233038352
74,111 days 00:00:00.000000000,2463.361185495231,49.632259524378206,39.05248529908196,0.1558611838754808,0.18141592920353983
75,112 days 00:00:00.000000000,2496.3365477614716,49.963352046890044,39.17002721466649,0.15668308903831923,0.1814159292035399
76,113 days 00:00:00.000000000,2536.1049137345008,50.359754901453805,39.18116855087396,0.15695839062673397,0.19026548672566373
77,114 days 00:00:00.000000000,2552.1558283657273,50.518866063736304,39.189935372400406,0.156615784266805,0.1946902654867256
78,115 days 00:00:00.000000000,2583.3739287618923,50.826901624650425,39.26727890791019,0.15706931914643052,0.19911504424778764
79,116 days 00:00:00.000000000,2587.102587728841,50.863568373924,39.24869805226765,0.15690010021443995,0.1991150442477876
80,117 days 00:00:00.000000000,2587.4061937837314,50.86655280028057,39.13813729031835,0.15656152597623688,0.20353982300884962
81,118 days 00:00:00.000000000,2648.1976552771225,51.460641807862466,39.552309651018156,0.15862219243772754,0.20796460176991144
82,119 days 00:00:00.000000000,2686.19338539172,51.82849974089275,39.73780083746848,0.15982077097070352,0.21238938053097345
83,120 days 00:00:00.000000000,2750.3042128718653,52.443342884219966,40.09019866844311,0.16145621823263437,0.22123893805309736
84,121 days 00:00:00.000000000,2833.2305928336596,53.22809965454017,40.494120177127584,0.1630019567716464,0.2300884955752212
85,122 days 00:00:00.000000000,2880.067126982089,53.666256875080165,40.69776883873923,0.1639141063663962,0.2345132743362831
86,123 days 00:00:00.000000000,2857.1313088834936,53.45214035830084,40.47069469279015,0.16284014858628248,0.23893805309734514
87,124 days 00:00:00.000000000,2868.873139852562,53.561862736956435,40.5923905490383,0.16306707791506564,0.24146649810366624
88,125 days 00:00:00.000000000,2952.9427578275577,54.34098598505145,41.20081035118208,0.1659860692140101,0.2418879056047197
89,126 days 00:00:00.000000000,3032.92811587298,55.0720266185382,41.6451872110316,0.16810171485786918,0.243362831858407
90,127 days 00:00:00.000000000,3062.859205712164,55.343104409783194,41.71718709719179,0.16817990954859907,0.24631268436578174
91,128 days 00:00:00.000000000,3113.369399730673,55.7975752137194,41.915421813995394,0.16883896743894233,0.2503160556257901
92,129 days 00:00:00.000000000,3170.6164132006993,56.30822686962092,42.16929114044255,0.1697119058689899,0.252212389380531
93,130 days 00:00:00.000000000,3132.868502908338,55.97203322113945,41.90514981347939,0.1682789716112849,0.2528445006321113
94,131 days 00:00:00.000000000,3111.9243573121985,55.78462473936881,41.84847471478513,0.1679086737104334,0.24841972187104927
95,132 days 00:00:00.000000000,3204.7068000644754,56.61012983613865,42.57098325558192,0.17138398912256256,0.24336283185840704
96,133 days 00:00:00.000000000,3275.3308709042526,57.23050647079975,43.05830251725706,0.17394870544569138,0.24336283185840704
97,134 days 00:00:00.000000000,3265.0395059615453,57.14052420096919,42.844167202410176,0.17306451717826854,0.2522123893805308
98,135 days 00:00:00.000000000,3309.872014037262,57.53148715301267,43.036238911898025,0.17361418483015117,0.2528445006321112
99,136 days 00:00:00.000000000,3364.071110638172,58.00061301950327,43.36018048332737,0.1746863722664033,0.25474083438685213
100,137 days 00:00:00.000000000,3300.91518239447,57.45359155348314,42.99802676529706,0.17292136342016579,0.25916561314791403
101,138 days 00:00:00.000000000,3266.2530206409633,57.15114190146128,42.9299507909182,0.17260972835660773,0.2597977243994943
102,139 days 00:00:00.000000000,3364.3313464197086,58.00285636431803,43.59149826418453,0.17595991379517006,0.2654867256637169
103,140 days 00:00:00.000000000,3459.4466521043437,58.81706089311454,44.12883334994815,0.17868758216907912,0.2743362831858408
104,141 days 00:00:00.000000000,3476.144831894367,58.958840150518284,44.03344254581999,0.1780879403573937,0.27433628318584075
105,142 days 00:00:00.000000000,3539.040225193396,59.48983295650943,44.15570995799735,0.1781618351416185,0.28318584070796465
106,143 days 00:00:00.000000000,3612.445738107744,60.10362499972646,44.43353188033397,0.17905715862341684,0.29013906447534776
107,144 days 00:00:00.000000000,3534.682154828756,59.453192974210864,43.92212195460521,0.176821143074702,0.299620733249052
108,145 days 00:00:00.000000000,3499.567611052388,59.157143364537035,43.83509925850214,0.17637752880093183,0.30025284450063194
109,146 days 00:00:00.000000000,3506.9049748368593,59.219126765234044,44.0191815738049,0.17730699657378873,0.29456384323640955
110,147 days 00:00:00.000000000,3642.6651897720308,60.35449601953471,44.827438854001684,0.18091621117821666,0.2964601769911504
111,148 days 00:00:00.000000000,3665.4408130561446,60.54288408274043,44.62123307093021,0.17988522632024273,0.3141592920353981
112,149 days 00:00:00.000000000,3730.8922796708484,61.081030440480035,44.76774283139488,0.18022172688484125,0.3268015170670037
113,150 days 00:00:00.000000000,3846.9724376396184,62.0239666390309,45.41028593890912,0.18274569180459438,0.3303834808259587
114,151 days 00:00:00.000000000,3820.4309016299007,61.809634375475,45.195518410228885,0.18185362091085716,0.343236409608091
115,152 days 00:00:00.000000000,3792.961261075595,61.587021855871505,44.99685011523816,0.18093496260728328,0.3539823008849557
116,153 days 00:00:00.000000000,3794.8836161773866,61.60262669868377,44.99013902191758,0.18094687906649887,0.3584070796460177
117,154 days 00:00:00.000000000,3923.973436348927,62.641627025077554,45.56107605474136,0.1838278882275484,0.367994100294985
118,155 days 00:00:00.000000000,3986.9628705146215,63.142401526348536,45.44297751127226,0.18310655157658665,0.3797935103244838
119,156 days 00:00:00.000000000,4073.589185688898,63.82467536689002,45.43275200786698,0.18249777213661525,0.39233038348082594
120,157 days 00:00:00.000000000,4158.838187386433,64.48905478750974,45.708876257191115,0.18298735621185566,0.3957016434892539
121,158 days 00:00:00.000000000,4087.928510005563,63.93691038833174,45.36670937690537,0.18115656166806807,0.40560471976401186
122,159 days 00:00:00.000000000,4058.529697892166,63.706590694308595,45.2945282453627,0.18051201892016752,0.4144542772861357
123,160 days 00:00:00.000000000,4224.944717131998,64.99957474577813,46.16668639666764,0.1842795505970968,0.41961651917404136
124,161 days 00:00:00.000000000,4339.62724629753,65.87584721502662,46.518805888665696,0.18618830018146998,0.4327433628318582
125,162 days 00:00:00.000000000,4364.192002917218,66.06203147737146,46.38470651237807,0.18548380782377055,0.4460176991150445
126,163 days 00:00:00.000000000,4449.121840684235,66.70173791352242,46.86257886215597,0.18725203132498555,0.44500632111251587
127,164 days 00:00:00.000000000,4588.184977339554,67.73614232697012,47.77466507176643,0.19061022440387285,0.4450063211125158
128,165 days 00:00:00.000000000,4549.331363206074,67.4487313683962,47.788788417697816,0.19033336454710179,0.45259165613147917
129,166 days 00:00:00.000000000,4569.009323680084,67.59444743231565,48.12142775910481,0.19154616665330015,0.45385587863463966
130,167 days 00:00:00.000000000,4595.130059593748,67.78738864710566,48.42907808088657,0.19277481498369167,0.45575221238938063
131,168 days 00:00:00.000000000,4770.936218136894,69.07196405298531,49.23677896342172,0.19664191680957946,0.46017699115044247
132,169 days 00:00:00.000000000,4839.67658681783,69.56778411605353,49.342744020827574,0.19680404027408877,0.4601769911504425
133,170 days 00:00:00.000000000,4968.768409227796,70.4894914808427,49.962148399284345,0.19912442986346882,0.45512010113780027
134,171 days 00:00:00.000000000,5148.84618220055,71.75546099218198,51.08979180782414,0.20303353315118094,0.4475347661188368
135,172 days 00:00:00.000000000,5126.083438085812,71.59667197632731,51.2573471983753,0.20313722546439839,0.44879898862199746
136,173 days 00:00:00.000000000,5124.49172665684,71.585555293347,51.55011004370431,0.20394150681792314,0.450063211125158
137,174 days 00:00:00.000000000,5336.979439195551,73.05463324933984,52.66972060466071,0.20867337156150012,0.44816687737041705
138,175 days 00:00:00.000000000,5509.752185811084,74.22770497469988,53.34601029235346,0.2120506552846069,0.4564896755162242
139,176 days 00:00:00.000000000,5555.698634448093,74.53655904620291,53.442116659715424,0.21255773855522175,0.4623893805309736
140,177 days 00:00:00.000000000,5643.028706311263,75.12009522299118,54.066187370863496,0.2149888562118754,0.4563843236409608
141,178 days 00:00:00.000000000,5797.670321800637,76.14243443573785,55.19347333700055,0.21930921516275725,0.44943109987357766
142,179 days 00:00:00.000000000,5768.063452334099,75.94776792200084,55.563606755800336,0.22032039206328471,0.44247787610619466
143,180 days 00:00:00.000000000,5783.756323451958,76.05101132432073,56.15514658369665,0.22222103665815351,0.43299620733249045
144,181 days 00:00:00.000000000,6016.473261017992,77.56592848034498,57.524902295575515,0.22793077430980258,0.42477876106194684
145,182 days 00:00:00.000000000,6214.741981183781,78.83363483427478,58.493838229675696,0.23239895213284356,0.42035398230088494
146,183 days 00:00:00.000000000,6352.164249990447,79.70046580786368,59.21072852112876,0.23548967480682204,0.418141592920354
147,184 days 00:00:00.000000000,6446.42472608934,80.28963025253846,59.91600517486828,0.23812207998841003,0.41024020227560065
148,185 days 00:00:00.000000000,6587.165599017287,81.16135533009097,60.97929799933846,0.24200057605983752,0.39970501474926257
149,186 days 00:00:00.000000000,6510.25068611321,80.68612449556126,60.919988619765675,0.24112261618296169,0.3982300884955753
150,187 days 00:00:00.000000000,6626.202082848989,81.40148698180512,62.013476912038435,0.24498747580027158,0.38748419721871047
151,188 days 00:00:00.000000000,6871.641122082374,82.89536248839481,63.41229603734517,0.2508341345093188,0.38053097345132747
152,189 days 00:00:00.000000000,7062.848892184799,84.04075732753007,64.30617557755248,0.2548236742512162,0.37831858407079666
153,190 days 00:00:00.000000000,7139.41353424297,84.49505035351461,64.86556172604837,0.257136362197399,0.37104930467762326
154,191 days 00:00:00.000000000,7245.076878773161,85.11801735692133,65.8447751248277,0.26112020032531136,0.36135693215339243
155,192 days 00:00:00.000000000,7376.963619877107,85.88925206262485,66.93853382746344,0.2652288804017221,0.35271807838179514
156,193 days 00:00:00.000000000,7404.29841174651,86.0482330541802,67.37961974807159,0.26639195370916036,0.35082174462705445
157,194 days 00:00:00.000000000,7549.602485397404,86.88844851530843,68.4619608738351,0.2700942933511996,0.34070796460176994
158,195 days 00:00:00.000000000,7791.084422305369,88.26711971229926,69.73518532507748,0.2753248573885777,0.33451327433628303
159,196 days 00:00:00.000000000,7840.0611753161165,88.54411993642557,69.98073200253658,0.2764963554929395,0.33480825958702065
160,197 days 00:00:00.000000000,7902.812800295605,88.89776600283949,70.513275514544,0.2789567563607102,0.32680151706700383
161,198 days 00:00:00.000000000,7999.169677382124,89.43807733500383,71.08107082977735,0.28171988048535906,0.32048040455120114
162,199 days 00:00:00.000000000,8130.763769732698,90.17074786056007,71.7934060224316,0.2844278906611137,0.3204804045512012
163,200 days 00:00:00.000000000,8107.425709931374,90.04124449346185,71.79016328588155,0.28365706721894607,0.3236409608091023
164,201 days 00:00:00.000000000,8229.989359361836,90.71928879440048,72.68001522754639,0.28654570214507874,0.31769911504424786
165,202 days 00:00:00.000000000,8256.049526615307,90.86280606835399,72.85274036854511,0.28707025466015434,0.3194690265486726
166,203 days 00:00:00.000000000,8393.076571272524,91.61373571289691,73.25975027501583,0.289419394977791,0.3259587020648968
167,204 days 00:00:00.000000000,8430.170834696575,91.81596176426284,73.4367782593403,0.2908222797704972,0.3305941845764855
168,205 days 00:00:00.000000000,8511.874640649163,92.25982137772196,74.05605099758131,0.2934128023044308,0.33038348082595864
169,206 days 00:00:00.000000000,8644.445439357787,92.97550989028126,74.94092000579413,0.29676865043850886,0.32616940581542353
170,207 days 00:00:00.000000000,8610.227823835292,92.79131329944249,75.14742390501749,0.29717966816838326,0.3255372945638433
171,208 days 00:00:00.000000000,8757.582007078752,93.58195342628167,76.10165927561994,0.3007290755421055,0.320480404551201
172,209 days 00:00:00.000000000,8967.266302008422,94.6956509139064,77.03518588877813,0.30493929265806224,0.31710914454277284
173,210 days 00:00:00.000000000,9026.367001193299,95.00719447069942,77.19227607773128,0.3063690752195575,0.3203539823008849
174,211 days 00:00:00.000000000,9107.49516751142,95.43319740798492,77.73683755125921,0.30933093001537165,0.3163716814159293
175,212 days 00:00:00.000000000,9275.94314864843,96.31169788062316,78.85820709131256,0.3142408249584949,0.30783817951959525
176,213 days 00:00:00.000000000,9445.852473218998,97.18977555905249,79.96684281089074,0.31899544438540106,0.3021491782553729
177,214 days 00:00:00.000000000,9442.343092613517,97.17171961333975,80.29860733357503,0.31989128913505016,0.29898862199747145
178,215 days 00:00:00.000000000,9458.652639557858,97.25560466912876,80.5032303942294,0.3204880920137297,0.29519595448798996
179,216 days 00:00:00.000000000,9612.562738045812,98.04367770563185,81.20402580350049,0.3240318061522737,0.2912979351032448
180,217 days 00:00:00.000000000,9710.61710674897,98.54246347006436,81.32493519704298,0.32591598433309105,0.295575221238938
181,218 days 00:00:00.000000000,9686.701613841007,98.42104253583685,81.14850498960617,0.325719159792398,0.29793510324483774
182,219 days 00:00:00.000000000,9779.862370488105,98.89318667374464,81.85498614056435,0.3287441518934747,0.29266750948166875
183,220 days 00:00:00.000000000,9876.608893153816,99.3811294620554,82.51594434348212,0.33169367394910315,0.28824273072060685
184,221 days 00:00:00.000000000,9792.06203718563,98.95484847740221,82.34723114959455,0.3306587955392199,0.28824273072060674
185,222 days 00:00:00.000000000,9722.101681112596,98.60071846144224,82.2726980732258,0.33001028339171623,0.2838179519595447
186,223 days 00:00:00.000000000,9883.863121282806,99.41761977276867,83.03988828195513,0.33357972292181365,0.2787610619469026
187,224 days 00:00:00.000000000,9991.049522492296,99.95523759409657,83.10294851416346,0.3353990753816512,0.28318584070796465
188,225 days 00:00:00.000000000,9919.725393681716,99.59781821747761,82.73024815068239,0.3345365739454979,0.284660766961652
189,226 days 00:00:00.000000000,9988.09892750183,99.94047692252539,83.3586967149874,0.33695320030845033,0.2793931731984829
190,227 days 00:00:00.000000000,10074.663792225676,100.37262471523636,83.90249474045025,0.3389849187209203,0.2749683944374209
191,228 days 00:00:00.000000000,9948.789685312908,99.74361977245917,83.35834440466222,0.336508426990581,0.2793931731984829
192,229 days 00:00:00.000000000,9843.034279274108,99.2120672059307,82.98647637347082,0.33488748033140997,0.2838179519595448
193,230 days 00:00:00.000000000,9980.283799490157,99.9013703584198,83.51990095418694,0.3376669419371813,0.2831858407079646
194,231 days 00:00:00.000000000,10046.072909798584,100.23009981935857,83.3633164752298,0.3386720841507328,0.29203539823008845
195,232 days 00:00:00.000000000,9943.923270247324,99.71922217028833,82.832668363532,0.337003540390174,0.2920353982300885
196,233 days 00:00:00.000000000,10008.729656120442,100.04363875889582,83.39481536659068,0.3389379668479914,0.2819216182048042
197,234 days 00:00:00.000000000,10061.74056302701,100.30822779327232,83.80142464395091,0.3401997154025301,0.2831858407079647
198,235 days 00:00:00.000000000,9969.596436642028,99.8478664601404,83.5543317231906,0.33829069020921876,0.28381795195954496
199,236 days 00:00:00.000000000,9879.736116573122,99.39686170384417,83.29771821032745,0.33691015131986596,0.28381795195954485
200,237 days 00:00:00.000000000,10007.989234632278,100.03993819786315,83.84344620229113,0.33982994667158056,0.2831858407079644
201,238 days 00:00:00.000000000,10071.627588237468,100.35749891382042,83.88344699200168,0.3415321073225296,0.2883480825958703
202,239 days 00:00:00.000000000,10118.395969025027,100.5902379409902,84.07212001925731,0.3431746423970852,0.2853982300884956
203,240 days 00:00:00.000000000,10178.248385475024,100.88730537324815,84.71855882020887,0.34485680909200417,0.27433628318584075
204,241 days 00:00:00.000000000,10087.378757323886,100.43594355271367,84.49305612887835,0.3427107238196568,0.2737041719342605
205,242 days 00:00:00.000000000,9990.04772324129,99.95022622906508,84.09051725436287,0.3404455323487608,0.27728613569321525
206,243 days 00:00:00.000000000,9840.873993642446,99.20117939642878,83.43328375929734,0.33735382331941655,0.2895069532237673
207,244 days 00:00:00.000000000,9940.889151953868,99.70400770256865,83.70785592523853,0.3390995155739379,0.29203539823008867
208,245 days 00:00:00.000000000,9988.003161924738,99.93999780830865,83.7203410048776,0.3402939927360167,0.2973451327433629
209,246 days 00:00:00.000000000,9910.195239506222,99.54996353342487,83.30703399540336,0.339328974529689,0.3035398230088495
210,247 days 00:00:00.000000000,9948.962502909879,99.74448607772702,83.79702997188524,0.3404183967402734,0.30151706700379255
211,248 days 00:00:00.000000000,9946.96189121535,99.73445689036136,83.96753857343387,0.3400957816325204,0.3015170670037925
212,249 days 00:00:00.000000000,9747.621105933578,98.73004155743872,83.08656962450266,0.3351433200104593,0.3078381795195954
213,250 days 00:00:00.000000000,9625.09997100802,98.10759384985455,82.55476803462382,0.3320770114812223,0.3126843657817109
214,251 days 00:00:00.000000000,9725.977964365082,98.62037296808951,82.85055365005987,0.33352436762545257,0.3132743362831858
215,252 days 00:00:00.000000000,9797.772294093473,98.98369711267343,83.00634597691865,0.33467922671057043,0.31681415929203544
216,253 days 00:00:00.000000000,9810.468342213879,99.0478083665352,83.13090312177539,0.334820846604913,0.32153392330383485
217,254 days 00:00:00.000000000,9912.416033289615,99.56111707534029,83.84211457451079,0.33681900950461496,0.3200589970501473
218,255 days 00:00:00.000000000,9954.245713861636,99.77096628709995,84.0089857102758,0.336804040609822,0.3236409608091024
219,256 days 00:00:00.000000000,9844.146426081788,99.21767194447665,83.54614815346982,0.33408492391830186,0.3324905183312264
220,257 days 00:00:00.000000000,9899.26121915165,99.49503112794955,83.94512977499991,0.3354129605146038,0.33438685208596713
221,258 days 00:00:00.000000000,10060.787363247593,100.30347632683322,84.5699131747355,0.33832752012034495,0.3348082595870207
222,259 days 00:00:00.000000000,10242.48541719988,101.2051649729394,85.30058303162603,0.34178712135617545,0.33539823008849545
223,260 days 00:00:00.000000000,10317.34170244908,101.5743161554587,85.64408699230965,0.34340339961353306,0.34070796460177005
224,261 days 00:00:00.000000000,10482.665393738547,102.3848885028379,86.60248763093703,0.346505674304894,0.3400758533501897
225,262 days 00:00:00.000000000,10622.262076558236,103.06435890528905,87.24035417761316,0.34870220632594956,0.34323640960809115
226,263 days 00:00:00.000000000,10505.14662172635,102.4946175256357,86.82425951599151,0.3463268782104908,0.352085967130215
227,264 days 00:00:00.000000000,10471.816932827887,102.33189597006344,86.89863511154415,0.34602651602400736,0.354614412136536
228,265 days 00:00:00.000000000,10681.949161560742,103.35351547751408,87.85089696277755,0.34946680630269467,0.3495575221238938
229,266 days 00:00:00.000000000,10876.177768313031,104.28891488702446,88.52582536448003,0.3528159304633923,0.34513274336283195
230,267 days 00:00:00.000000000,10932.83106647215,104.56017916239504,88.84837634913777,0.3543712976498731,0.34513274336283184
231,268 days 00:00:00.000000000,11093.386244392144,105.32514535661531,89.75153787905333,0.3572045349372521,0.3413400758533502
232,269 days 00:00:00.000000000,11224.988044633461,105.94804408120737,90.31510479232162,0.3588226984215121,0.34323640960809093
233,270 days 00:00:00.000000000,11114.439824920937,105.42504363253039,89.90364524022225,0.3566558037767865,0.3482932996207333
234,271 days 00:00:00.000000000,11082.924473843148,105.27546947814172,90.00781846528619,0.3567756541724704,0.3466076696165191
235,272 days 00:00:00.000000000,11298.301358196955,106.2934680881048,90.88050000623203,0.3600368489626542,0.3436578171091446
236,273 days 00:00:00.000000000,11487.647573679851,107.1804439890032,91.48917032014204,0.36293692057383403,0.34336283185840705
237,274 days 00:00:00.000000000,11567.38792692182,107.55179183501231,91.80509393900478,0.3640682029848917,0.33982300884955763
238,275 days 00:00:00.000000000,11728.57126573738,108.2985284560108,92.55944113085386,0.3662867200346588,0.33438685208596713
239,276 days 00:00:00.000000000,11845.702229773471,108.83796318276758,92.97869446564944,0.3672404141082987,0.3375474083438687
240,277 days 00:00:00.000000000,11829.551367186328,108.76374104997643,92.97380507755031,0.3672635050577479,0.3421828908554574
241,278 days 00:00:00.000000000,11850.963844198606,108.86213227839424,93.35475838632756,0.3689166233535371,0.3407079646017699
242,279 days 00:00:00.000000000,12097.321518929297,109.98782441220163,94.37137249570343,0.3727347539542064,0.33038348082595864
243,280 days 00:00:00.000000000,12180.475630259092,110.36519211354226,94.599431151092,0.37340584234709384,0.3274336283185841
244,281 days 00:00:00.000000000,12272.68976702361,110.78217260472738,95.02319409386361,0.3742322328776296,0.32616940581542353
245,282 days 00:00:00.000000000,12393.045078306166,111.32405435621794,95.47772158128299,0.3755508475553312,0.32364096080910243
246,283 days 00:00:00.000000000,12490.840965728863,111.76243092259968,95.77147383587419,0.37636077613463303,0.3192161820480404
247,284 days 00:00:00.000000000,12472.640019155042,111.68097429354313,95.82811353057654,0.376281461225399,0.31731984829329973
248,285 days 00:00:00.000000000,12549.579568362082,112.02490601809082,96.44566340710914,0.3786646084994863,0.3112094395280237
249,286 days 00:00:00.000000000,12760.652230431777,112.96305692761584,97.33009359814477,0.3817457657645888,0.30884955752212384
250,287 days 00:00:00.000000000,12847.131122986259,113.3451857071409,97.63441424020264,0.38251607260855974,0.3112094395280236
251,288 days 00:00:00.000000000,12987.006267119754,113.96054697622223,98.3089432230379,0.3849233536297143,0.3084702907711757
252,289 days 00:00:00.000000000,13132.495009779721,114.59709860978035,98.9305101282246,0.3870752890999787,0.30151706700379255
253,290 days 00:00:00.000000000,13263.816174091295,115.1686423211253,99.37082834992172,0.38868742908823956,0.30278128950695316
254,291 days 00:00:00.000000000,13221.457155409622,114.98459529610747,99.40844086077037,0.38828607044874086,0.3059418457648545
255,292 days 00:00:00.000000000,13260.883229346016,115.15590835621947,99.88426543669348,0.3896103364104546,0.29941002949852513
256,293 days 00:00:00.000000000,13463.066378235944,116.03045452912758,100.63998434326568,0.3919696244047689,0.29646017699115046
257,294 days 00:00:00.000000000,13638.541843615418,116.78416777806578,101.45242092248576,0.39497901337128066,0.29203539823008856
258,295 days 00:00:00.000000000,13668.567244931519,116.91264792541276,101.54904236389935,0.39511019026746025,0.2970922882427308
259,296 days 00:00:00.000000000,13757.085794642911,117.2906040339247,101.97550005818532,0.39666690997462667,0.290771175726928
260,297 days 00:00:00.000000000,13778.219231249517,117.38065952809056,101.97511155818552,0.39578285203969044,0.28761061946902655
261,298 days 00:00:00.000000000,13566.024166841982,116.47327662104291,101.13495375190845,0.39127624681993434,0.2920353982300885
262,299 days 00:00:00.000000000,13715.877315694086,117.1148039988715,101.943678211453,0.3946707210408568,0.2850821744627055
263,300 days 00:00:00.000000000,13717.560442362956,117.12198957652211,101.98496161129373,0.3945053323122986,0.28318584070796465
264,301 days 00:00:00.000000000,13830.631507886923,117.60370533230203,102.30879000337958,0.3961994003308592,0.2849557522123894
265,302 days 00:00:00.000000000,13926.14733386551,118.00909852153566,102.72524325626182,0.39866244415763885,0.2861356932153393
266,303 days 00:00:00.000000000,14141.0082323958,118.91597130913829,103.73851231224131,0.40265688578201214,0.2781289506953225
267,304 days 00:00:00.000000000,14267.905779419258,119.44833937489152,104.35522083427104,0.4050316103256704,0.2724399494310998
268,305 days 00:00:00.000000000,14171.4155193826,119.04375464249522,104.12257581369857,0.40393767730737495,0.2724399494310999
269,306 days 00:00:00.000000000,14265.777927880958,119.43943204771595,104.65322250315423,0.406018073945398,0.2686472819216183
270,307 days 00:00:00.000000000,14528.112621157752,120.53262056869814,105.78663310092509,0.4097773468770151,0.2610619469026548
271,308 days 00:00:00.000000000,14737.009047952337,121.39608333036259,106.37407976338403,0.4119586031543386,0.2610619469026549
272,309 days 00:00:00.000000000,14852.45772092297,121.87065980342837,106.7397369203452,0.41461741000994917,0.2625368731563422
273,310 days 00:00:00.000000000,15078.408184747559,122.79416999494543,107.84113785077129,0.4187827781928763,0.2572692793931732
274,311 days 00:00:00.000000000,15211.816688405148,123.3361937486525,108.49861588795237,0.42103118013692814,0.2547408343868521
275,312 days 00:00:00.000000000,15122.641549242026,122.97414992282738,108.12814508402043,0.41966100980997956,0.2572692793931732
276,313 days 00:00:00.000000000,15264.117965611567,123.5480391006331,108.74513719045127,0.4219822795288241,0.2528445006321113
277,314 days 00:00:00.000000000,15545.415177403387,124.6812543143651,109.72693628197563,0.42499100815332674,0.24778761061946908
278,315 days 00:00:00.000000000,15800.73632063593,125.70097979186929,110.29873645447582,0.42694987515541494,0.24778761061946905
279,316 days 00:00:00.000000000,15923.313540680565,126.18761246921413,110.59818972337342,0.42946987165100176,0.24926253687315642
280,317 days 00:00:00.000000000,16157.833811940534,127.11346825549421,111.7316302402386,0.4340489281245065,0.24209860935524646
281,318 days 00:00:00.000000000,16336.21512154716,127.81320401878344,112.59688594863935,0.4370506975193859,0.23514538558786344
282,319 days 00:00:00.000000000,16280.224783369864,127.59398411904013,112.3752061386214,0.435847386149082,0.2370417193426043
283,320 days 00:00:00.000000000,16421.576589331795,128.14669948668907,112.9730985395122,0.4377497540195438,0.236409608091024
284,321 days 00:00:00.000000000,16693.55808558286,129.2035529139306,113.86778166200477,0.4403500760902635,0.23451327433628313
285,322 days 00:00:00.000000000,16901.938488299358,130.00745551044125,114.17521095630676,0.4415707896493226,0.23893805309734512
286,323 days 00:00:00.000000000,17002.874000827913,130.39506892834527,114.29798207087244,0.4433864392831043,0.2404129793510324
287,324 days 00:00:00.000000000,17218.77563080381,131.22033238337653,115.15616811599745,0.44658571766962213,0.23640960809102413
288,325 days 00:00:00.000000000,17352.424580713465,131.7286019842064,115.75057524350912,0.44821944308677897,0.23324905183312272
289,326 days 00:00:00.000000000,17229.236076126246,131.26018465675816,115.35542783191636,0.4460611242952488,0.23598820058997053
290,327 days 00:00:00.000000000,17337.991641481436,131.67380772758656,116.0379853754922,0.4478175187467918,0.22819216182048047
291,328 days 00:00:00.000000000,17608.44475023304,132.69681514728617,116.91998003362504,0.450450388282257,0.2231352718078382
292,329 days 00:00:00.000000000,17850.700993122246,133.60651553394484,117.44720909335409,0.452632040553518,0.22640117994100292
293,330 days 00:00:00.000000000,17951.171487471263,133.98198195082526,117.54142171357178,0.45420135760779257,0.23008849557522124
294,331 days 00:00:00.000000000,17967.75780731567,134.04386523565958,117.54318664948488,0.4538308645872103,0.23072060682680146
295,332 days 00:00:00.000000000,18086.462881407402,134.48592075532443,118.14446597035739,0.45516300247956165,0.22418879056047203
296,333 days 00:00:00.000000000,18035.558810390317,134.29653312870857,118.12445087124318,0.45399151244833424,0.22418879056047197
297,334 days 00:00:00.000000000,18188.17711196052,134.86354997537518,118.93294242784697,0.45680856283209864,0.22123893805309738
298,335 days 00:00:00.000000000,18508.10779591402,136.04450667305176,120.11739896527605,0.4611558617430457,0.21460176991150445
299,336 days 00:00:00.000000000,18698.82666615209,136.74365311103873,120.5091965938614,0.4624462711210578,0.21755162241887904
300,337 days 00:00:00.000000000,18825.67969033211,137.20670424703053,120.74137797200366,0.4639822067304984,0.22123893805309724
301,338 days 00:00:00.000000000,18998.125191014526,137.83368670616963,121.52507839741526,0.4672988718632438,0.215339233038348
302,339 days 00:00:00.000000000,19104.06268863333,138.2174471209526,121.98493195331802,0.4676560675110406,0.21112515802781293
303,340 days 00:00:00.000000000,18902.028442661114,137.4846480253745,121.08011573852686,0.46272535896994205,0.21554993678887485
304,341 days 00:00:00.000000000,18902.411258269854,137.48604023052616,121.0680488040607,0.4613992581333452,0.21554993678887488
305,342 days 00:00:00.000000000,19180.052348722616,138.49206601362627,121.90085315330803,0.4634756352423008,0.21365360303413403
306,343 days 00:00:00.000000000,19337.432382127616,139.0590967255563,122.01102007481865,0.46317694540545346,0.2168141592920354
307,344 days 00:00:00.000000000,19373.14080650858,139.18743049035922,121.7489686705749,0.46314418126693835,0.22123893805309733
308,345 days 00:00:00.000000000,19536.240505866605,139.77210202993516,122.41880253329761,0.46504367088158044,0.21618204804045513
309,346 days 00:00:00.000000000,19601.812098986287,140.0064716325152,122.64409040819945,0.464507250842179,0.2142857142857143
310,347 days 00:00:00.000000000,19411.729499081746,139.32598285704555,121.81408088813681,0.4599797289550349,0.21871049304677623
311,348 days 00:00:00.000000000,19529.821498979927,139.74913773966523,122.34839397507353,0.4606688835210212,0.21744627054361568
312,349 days 00:00:00.000000000,19843.528302838964,140.86705896993436,123.36410815991148,0.4630193739995966,0.2160766961651917
313,350 days 00:00:00.000000000,19978.18074131581,141.34419245698004,123.31620133210686,0.46277942225418933,0.22197640117994105
314,351 days 00:00:00.000000000,20096.94630974195,141.76369884332854,123.4260273057466,0.46433267546693097,0.22566371681415925
315,352 days 00:00:00.000000000,20297.05567207293,142.46773554764226,124.25650762219938,0.46771280448937347,0.21997471554993675
316,353 days 00:00:00.000000000,20378.418064312777,142.75299669118255,124.56042372336292,0.4674293100223906,0.21618204804045507
317,354 days 00:00:00.000000000,20207.480221451835,142.15301692701368,123.90288189978362,0.4636570415946583,0.21681415929203537
318,355 days 00:00:00.000000000,20163.94829826269,141.99981795151248,123.77684913998226,0.46198200675419526,0.21744627054361565
319,356 days 00:00:00.000000000,20415.6725284512,142.88342286091554,124.57098759908678,0.4638515678300219,0.2161820480404551
320,357 days 00:00:00.000000000,20561.773638344206,143.39377126759797,124.73113225646371,0.463972528878305,0.21902654867256643
321,358 days 00:00:00.000000000,20636.812114858454,143.65518478237553,124.65004518457954,0.4649998281962312,0.22212389380530972
322,359 days 00:00:00.000000000,20842.877328779243,144.37062488186177,125.43902267988668,0.4685830206833687,0.21681415929203535
323,360 days 00:00:00.000000000,20922.554023823996,144.6463066373421,125.7969503343553,0.46887157465457513,0.21238938053097348
324,361 days 00:00:00.000000000,20624.199407430922,143.61127883084575,124.68662601508335,0.46403680686779486,0.21618204804045518
325,362 days 00:00:00.000000000,20608.18801762548,143.55552242120635,124.68034917855013,0.4634821309592733,0.21681415929203535
326,363 days 00:00:00.000000000,20878.13416991777,144.4926786031658,125.48564027785955,0.46589845634040133,0.21491782553729452
327,364 days 00:00:00.000000000,20951.87892116757,144.7476387412505,125.23907896584709,0.4650266480266681,0.22123893805309733
328,365 days 00:00:00.000000000,21008.52001580042,144.94316132815794,125.17093770442597,0.4665952748250314,0.22418879056047195
