date,open,high,low,close,volume
1/1/2016,,,,,
1/2/2016,,,,,
1/3/2016,,,,,
1/4/2016,182.67,184.6,180.455,181.81,1196625
1/5/2016,182.57,183.88,180.73,182.67,567952
1/6/2016,180.39,183.27,179.13,183.21,870706
1/7/2016,179.8,186.49,179.8,182.98,1034469
1/8/2016,184.8,184.8,181.65,182.17,847551
1/9/2016,,,,,
1/10/2016,,,,,
1/11/2016,182.64,183.93,179.86,182,560657
1/12/2016,182.81,185.98,182.75,185.62,675419
1/13/2016,186,186,178.5,179.09,877918
1/14/2016,179.09,180.37,173.86,177.88,1606655
1/15/2016,173.2,174.49,168.4,170.45,1658360
1/16/2016,,,,,
1/17/2016,,,,,
1/18/2016,,,,,
1/19/2016,171.98,177.95,170.39,175.31,1041246
1/20/2016,173.3,175.96,168.53,174.26,1557148
1/21/2016,174.5,180.58,173.1,176.5,1213337
1/22/2016,177.95,180.16,175.55,179.73,1041381
1/23/2016,,,,,
1/24/2016,,,,,
1/25/2016,178.5,179.785,175.25,175.66,873665
1/26/2016,176.58,179.95,175.67,179.13,815474
1/27/2016,178.83,179.56,172.9,173.93,812806
1/28/2016,175.83,175.84,171.29,174.34,763730
1/29/2016,175.34,181.3,174.88,181.17,1054480
1/30/2016,,,,,
1/31/2016,,,,,
2/1/2016,179.92,182.01,177.76,180.57,748074
2/2/2016,179.74,180.7219,176.46,177.03,650474
2/3/2016,180.5,181.425,171.25,173.46,1069201
2/4/2016,173.55,173.55,167.5,168.88,1295530
2/5/2016,168.75,169.4817,155.811,159.71,2367486
2/6/2016,,,,,
2/7/2016,,,,,
2/8/2016,156.76,156.8459,152.75,155.34,1885527
2/9/2016,152,155.91,148.6,151.98,1785503
2/10/2016,152.79,156.12,151.8301,153.84,1439537
2/11/2016,152.54,154.66,150.1,153.31,1200733
2/12/2016,156.24,158.64,154.285,158.49,1066781
2/13/2016,,,,,
2/14/2016,,,,,
2/15/2016,,,,,
2/16/2016,160.61,161.89,157.6,159.02,971400
2/17/2016,160.51,162.89,158.16,158.92,1443793
2/18/2016,155.33,155.95,147.25,154.55,3673523
2/19/2016,153.16,153.385,146.77,150.07,2825554
2/20/2016,,,,,
2/21/2016,,,,,
2/22/2016,151,156.87,150.43,156.27,1571990
2/23/2016,156.63,161.46,156.3,159.17,1924192
2/24/2016,156.52,161.23,156,160.75,1247979
2/25/2016,161.52,164.27,160.875,164.25,1408134
2/26/2016,165.57,166.97,162.54,164.75,1205134
2/27/2016,,,,,
2/28/2016,,,,,
2/29/2016,165,168.5,164,165.19,1183070
3/1/2016,165.86,168.65,164.2,168.41,1053590
3/2/2016,168.21,168.86,165.71,168.32,776315
3/3/2016,167.41,171.1906,166,169.38,1124432
3/4/2016,169.96,170.05,167.58,168.97,628748
3/5/2016,,,,,
3/6/2016,,,,,
3/7/2016,168.57,168.89,163.05,164.64,1238029
3/8/2016,164.34,165.48,162.47,162.96,1571546
3/9/2016,164.7,165.97,158.21,159.01,2445401
3/10/2016,159.56,164.32,158.5,163.39,3753301
3/11/2016,186.6,192.06,184.1,191.62,6130719
3/12/2016,,,,,
3/13/2016,,,,,
3/14/2016,189.52,191.91,188.84,190.02,1700095
3/15/2016,189.02,191.01,187.65,187.87,1185158
3/16/2016,187.1,191,186.6,190.02,936721
3/17/2016,189.44,190.68,187.46,188.01,1029297
3/18/2016,188.32,192.38,187.9,191.39,1096111
3/19/2016,,,,,
3/20/2016,,,,,
3/21/2016,190.88,193.78,190.21,192.35,1037799
3/22/2016,190.44,192.5,189.46,191.65,881850
3/23/2016,191.22,193.07,190.77,191.57,527300
3/24/2016,191.4,192.7083,190.6168,191.76,621177
3/25/2016,,,,,
3/26/2016,,,,,
3/27/2016,,,,,
3/28/2016,191.84,193.6,190.74,191.91,475792
3/29/2016,192.55,193.93,191.53,193.37,541910
3/30/2016,194.87,195,192.33,194.11,613695
3/31/2016,193.87,194.9399,192.62,193.74,737320
4/1/2016,192.62,195.6056,192.0979,194.18,507177
4/2/2016,,,,,
4/3/2016,,,,,
4/4/2016,194.68,194.84,191.37,193.12,583739
4/5/2016,192.27,195.02,192.01,193.75,765272
4/6/2016,193.91,196.6,193.42,194.67,657665
4/7/2016,194.12,195.04,191.85,194.12,866982
4/8/2016,201.94,203.75,197.81,200.51,3611916
4/9/2016,,,,,
4/10/2016,,,,,
4/11/2016,201.51,204.62,200.63,202.1,1598833
4/12/2016,203.5,205.11,201.6375,203.94,1190993
4/13/2016,205.44,207.75,205.025,207.42,1116392
4/14/2016,207.72,207.72,204.66,205.67,1365074
4/15/2016,206.34,206.34,202.31,204.06,11411000
4/16/2016,,,,,
4/17/2016,,,,,
4/18/2016,203.93,207.05,203.24,206.91,1112765
4/19/2016,206.2,206.57,203.09,204.04,1162031
4/20/2016,203.98,205.12,202.91,204.42,883403
4/21/2016,204.62,207.67,204.39,205.86,855314
4/22/2016,205.42,206.48,202.685,205.39,995261
4/23/2016,,,,,
4/24/2016,,,,,
4/25/2016,205.08,207.83,203.95,207.37,959953
4/26/2016,207.04,208.22,205.36,208.13,1126817
4/27/2016,207.32,212.92,207.32,212.52,1388255
4/28/2016,211.51,211.97,206.58,206.99,891509
4/29/2016,206.46,208.54,205.25,208.28,826387
4/30/2016,,,,,
5/1/2016,,,,,
5/2/2016,208.29,210.77,207.54,210.72,667043
5/3/2016,208.4,210.335,206.74,209.91,901037
5/4/2016,209.05,211.01,208.705,209.97,543602
5/5/2016,209.78,209.78,204.46,206.21,844002
5/6/2016,205.2,208.93,204.05,208.68,774132
5/7/2016,,,,,
5/8/2016,,,,,
5/9/2016,205.65,210.25,204.599,208.46,800551
5/10/2016,209.25,209.25,205.79,208.27,854348
5/11/2016,207.01,207.7,202.28,202.85,951983
5/12/2016,203.7,208.4096,203,207.43,761781
5/13/2016,207.03,207.54,203.29,205.2,633440
5/14/2016,,,,,
5/15/2016,,,,,
5/16/2016,204.85,209.09,204.39,208.13,482645
5/17/2016,207.21,208.24,203.28,204.44,875452
5/18/2016,204.45,208.305,203.18,206.45,1032977
5/19/2016,205,208.63,205,207.89,523352
5/20/2016,208.73,208.95,206.06,208.47,968999
5/21/2016,,,,,
5/22/2016,,,,,
5/23/2016,208.97,209.98,205.95,206.02,964258
5/24/2016,208.48,209.72,206.42,206.59,1391397
5/25/2016,206.61,212.26,206.61,211.48,1238574
5/26/2016,214,214.44,211.5501,213.69,1885862
5/27/2016,230.75,237.53,228.53,233.15,3584534
5/28/2016,,,,,
5/29/2016,,,,,
5/30/2016,,,,,
5/31/2016,233.48,234.148,231.36,233.01,2141883
6/1/2016,233.29,236.855,232.6,236.68,871507
6/2/2016,236.24,238.76,234.81,237.06,781182
6/3/2016,236.8,237.32,234.18,236.57,778378
6/4/2016,,,,,
6/5/2016,,,,,
6/6/2016,238.66,238.75,234.63,236.74,490345
6/7/2016,236.79,239.95,236.5,239.18,716451
6/8/2016,240,240.69,238.46,239.36,409223
6/9/2016,237.73,240.51,237.73,240.01,550430
6/10/2016,237.82,240.24,237.8,239.98,526280
6/11/2016,,,,,
6/12/2016,,,,,
6/13/2016,237.21,240.83,237.21,237.95,578477
6/14/2016,237.92,239.319,235.5986,237.88,559478
6/15/2016,237.89,240.33,237.65,238.23,577665
6/16/2016,237.08,240.41,236.63,239.82,562632
6/17/2016,239.7,239.98,237.89,238.04,853878
6/18/2016,,,,,
6/19/2016,,,,,
6/20/2016,240.75,241.88,239.18,240.2,647220
6/21/2016,240.9,241.43,239.7,240.47,485120
6/22/2016,241.08,241.1199,238.11,238.23,623192
6/23/2016,240.05,242.23,238.34,242.08,601680
6/24/2016,236.14,242.91,236.01,239.16,1463572
6/25/2016,,,,,
6/26/2016,,,,,
6/27/2016,236.78,238.555,232.57,235.04,826386
6/28/2016,237.08,237.5,234.62,236.21,793855
6/29/2016,238.5,241.825,237.8401,240.66,749779
6/30/2016,242,244,240.18,243.64,615012
7/1/2016,242.87,245.38,241.02,243.74,561207
7/2/2016,,,,,
7/3/2016,,,,,
7/4/2016,,,,,
7/5/2016,243.44,245.3,242.4,244.72,604098
7/6/2016,244.57,248.42,244.3101,247.77,758495
7/7/2016,247.67,248.68,245.06,247.29,514576
7/8/2016,248.52,253.11,247.51,250.82,742598
7/9/2016,,,,,
7/10/2016,,,,,
7/11/2016,252,253.2,250.65,252.29,504071
7/12/2016,253.88,254.655,251.3,253.25,553940
7/13/2016,252.99,253.765,250.05,250.13,471736
7/14/2016,251.95,255.3,251.3,255.11,786061
7/15/2016,256.83,256.88,255.255,255.81,666549
7/16/2016,,,,,
7/17/2016,,,,,
7/18/2016,256.02,256.84,255.1,256.09,544993
7/19/2016,256,256.91,254.53,256.91,383556
7/20/2016,257.42,257.54,255.68,255.8,481763
7/21/2016,255.15,256.78,254.62,254.91,449538
7/22/2016,255.03,258.7799,254.9,258.6,379165
7/23/2016,,,,,
7/24/2016,,,,,
7/25/2016,258.96,260,258.41,259.55,344762
7/26/2016,260.09,261.42,258.47,259.02,445008
7/27/2016,258.81,259.99,256.82,257.73,431026
7/28/2016,257.42,260.66,257.04,260.48,428581
7/29/2016,260.76,262.12,260.13,261.21,452319
7/30/2016,,,,,
7/31/2016,,,,,
8/1/2016,262.19,262.81,258.71,260.57,767453
8/2/2016,261.51,262,255.067,256.98,697496
8/3/2016,256.76,258.96,255.06,258.91,420896
8/4/2016,258.33,260.69,256.638,260.68,532118
8/5/2016,261.34,262.7772,260.71,262.35,414804
8/6/2016,,,,,
8/7/2016,,,,,
8/8/2016,263.16,263.56,260.66,261.33,348528
8/9/2016,261.44,262.8753,260.789,261.91,276809
8/10/2016,262.39,263.48,261.78,263.09,269587
8/11/2016,264,266.19,262.78,265.95,452193
8/12/2016,265.05,266.98,265.05,266.8,433039
8/13/2016,,,,,
8/14/2016,,,,,
8/15/2016,268.76,269.82,266.84,266.97,452937
8/16/2016,266,267.37,265.33,265.9,468130
8/17/2016,265.48,266,263.02,265.79,494767
8/18/2016,266.34,271.96,266.34,271.59,835203
8/19/2016,270.93,276.1999,268.74,274.55,839231
8/20/2016,,,,,
8/21/2016,,,,,
8/22/2016,275.78,275.86,270.35,270.7,1307778
8/23/2016,272.95,276.225,272.02,275.89,835415
8/24/2016,278.29,278.626,271.28,273.98,1178285
8/25/2016,272.6,274.5,269.71,271.45,2178469
8/26/2016,270.11,270.5,250.2422,254.85,5833628
8/27/2016,,,,,
8/28/2016,,,,,
8/29/2016,254.6,256.52,252.5,254.09,1251393
8/30/2016,252.51,253.169,244.5,244.97,1859434
8/31/2016,244.03,248.88,242.96,247.21,1549687
9/1/2016,246.67,248.442,244.68,245.52,682612
9/2/2016,246.59,249.51,244.875,246.46,747315
9/3/2016,,,,,
9/4/2016,,,,,
9/5/2016,,,,,
9/6/2016,246.82,249.76,246.37,249.64,862804
9/7/2016,249.96,250,245.83,246.74,612816
9/8/2016,244.93,245.9,243.001,243.57,936426
9/9/2016,243.32,243.56,238.73,238.73,1310211
9/10/2016,,,,,
9/11/2016,,,,,
9/12/2016,235.38,243.33,235.19,242.39,1257189
9/13/2016,241.45,241.455,235.42,236.76,860549
9/14/2016,237.31,239.23,236.12,237.27,583062
9/15/2016,232.74,234.55,230.1,232.99,1478169
9/16/2016,232.9,235.639,232.05,233.79,1347187
9/17/2016,,,,,
9/18/2016,,,,,
9/19/2016,233.78,236.24,233.0701,234.55,690963
9/20/2016,234.55,235.83,233,233.2,611387
9/21/2016,235.09,240.26,234.3,239.74,1162459
9/22/2016,240.95,241.12,237.405,238.38,687631
9/23/2016,237.23,239.22,236.24,237.01,479713
9/24/2016,,,,,
9/25/2016,,,,,
9/26/2016,236,238.71,235.4,237.81,542465
9/27/2016,238.37,244.09,238.05,243.66,1292376
9/28/2016,243.7,243.9261,239.33,240.2,720297
9/29/2016,240.2,240.395,236.89,237.12,588929
9/30/2016,238.87,240.61,237.32,237.98,615019
10/1/2016,,,,,
10/2/2016,,,,,
10/3/2016,236.81,238.51,236.6,237.6,605668
10/4/2016,237.73,239.22,236.77,238.55,809983
10/5/2016,237.84,239.6,235.54,235.6,596322
10/6/2016,235.6,242.7,235.1,241.57,1286429
10/7/2016,242.61,242.62,237.86,239.07,613687
10/8/2016,,,,,
10/9/2016,,,,,
10/10/2016,241.65,242,239.34,240.36,433051
10/11/2016,240.21,240.5836,235.59,236.66,609575
10/12/2016,237.18,240.49,236.63,238.97,556372
10/13/2016,246.35,266.74,245.25,266.14,4768570
10/14/2016,268.03,268.78,262.59,262.75,1699655
10/15/2016,,,,,
10/16/2016,,,,,
10/17/2016,262.5,263.33,257.54,258.72,1198086
10/18/2016,260.62,261.49,255.72,256.04,710530
10/19/2016,255.84,256.67,252.84,256.45,477386
10/20/2016,255.45,257.55,254,254.43,407509
10/21/2016,253.18,253.6,251.55,252.36,518629
10/22/2016,,,,,
10/23/2016,,,,,
10/24/2016,253.23,253.66,251.09,252.25,721218
10/25/2016,250.67,250.69,246.69,246.99,779883
10/26/2016,246.59,248.86,245.76,245.92,620605
10/27/2016,245.89,248.14,239.44,239.86,814027
10/28/2016,239.86,244.35,239.415,242.31,579657
10/29/2016,,,,,
10/30/2016,,,,,
10/31/2016,243.49,244.29,240.72,243.34,512979
11/1/2016,242.82,243.68,238.76,240.18,478862
11/2/2016,239.8,241.77,239,239.29,390477
11/3/2016,238.82,239.554,229.76,231.61,966416
11/4/2016,229.94,233.53,227.33,228.17,942330
11/5/2016,,,,,
11/6/2016,,,,,
11/7/2016,231.76,232.9,225.13,232.59,1203565
11/8/2016,233.27,233.71,230.02,232.63,656202
11/9/2016,226.64,237.31,226.51,236.34,1058564
11/10/2016,238.27,240.79,234.87,236.61,1129819
11/11/2016,235.4,239.84,234.56,238.87,698174
11/12/2016,,,,,
11/13/2016,,,,,
11/14/2016,240.35,244.51,239.31,240.41,1252255
11/15/2016,241.38,245.21,239.75,244.47,904578
11/16/2016,244.48,248.09,242.57,246.62,788398
11/17/2016,247.78,251.31,246.12,251.13,895788
11/18/2016,251.05,252.65,248.4632,250.09,468809
11/19/2016,,,,,
11/20/2016,,,,,
11/21/2016,251.09,252.09,249.05,251,741799
11/22/2016,252.54,259.81,252.54,258.39,1208204
11/23/2016,259.29,262.92,258.06,262.02,836083
11/24/2016,,,,,
11/25/2016,263.56,264.67,261.0025,263.62,383717
11/26/2016,,,,,
11/27/2016,,,,,
11/28/2016,263.57,265.375,261,261.6,841059
11/29/2016,261.33,262.37,260,260.41,748682
11/30/2016,259.68,262.27,256.54,259.5,1014454
12/1/2016,259.85,261.42,257.12,257.41,1412809
12/2/2016,271.7,273.99,244.75,253.39,4415669
12/3/2016,,,,,
12/4/2016,,,,,
12/5/2016,253.49,260.95,252.4,257.6,1678035
12/6/2016,256.93,257.15,251.74,254.22,1165179
12/7/2016,254.01,255.65,251.0837,253.94,704035
12/8/2016,254.57,256.63,253.17,253.29,736032
12/9/2016,252.68,253.45,249.83,251.14,647089
12/10/2016,,,,,
12/11/2016,,,,,
12/12/2016,250.02,251.61,248.5457,251.61,761382
12/13/2016,252,257.21,251.58,255.02,710148
12/14/2016,254.42,254.9,251.25,252.93,630423
12/15/2016,253.2,258.185,252.425,256.69,602295
12/16/2016,257.8,266.57,257.8,262.13,1577571
12/17/2016,,,,,
12/18/2016,,,,,
12/19/2016,262.13,263.87,259.04,259.97,774213
12/20/2016,259.8,262.55,259.12,260.89,495366
12/21/2016,260.29,263.3499,258.2,262.95,628947
12/22/2016,263.1,264,256.36,257.31,744872
12/23/2016,257.25,258.4553,255.831,256.86,335656
12/24/2016,,,,,
12/25/2016,,,,,
12/26/2016,,,,,
12/27/2016,257.99,260.4,257.685,258.73,407693
12/28/2016,258.9,259.47,254.25,255.75,435338
12/29/2016,254.91,258.21,254.91,257.34,330486
12/30/2016,258.16,258.16,253.62,254.94,399163
12/31/2016,,,,,
1/1/2017,,,,,
1/2/2017,,,,,
1/3/2017,256.2,260.58,255.61,256.68,662200
1/4/2017,257.08,261.83,257.08,260.92,678325
1/5/2017,259.84,266.06,258.416,264.14,1279511
1/6/2017,264.64,266.8008,262.281,263.3,710515
1/7/2017,,,,,
1/8/2017,,,,,
1/9/2017,263.18,265.31,259.53,260.79,433499
1/10/2017,260.98,264.14,260.78,262.5,431410
1/11/2017,262.5,264.38,260.4244,262.15,393142
1/12/2017,262.03,262.07,259,260.95,403566
1/13/2017,260.74,262.25,259.71,261.4,409688
1/14/2017,,,,,
1/15/2017,,,,,
1/16/2017,,,,,
1/17/2017,260.95,264.875,259.5,263.06,412236
1/18/2017,264.04,265.71,261.75,265.5,638735
1/19/2017,265.76,267.96,264.975,266.12,829213
1/20/2017,267.13,267.22,265.34,266.22,634686
1/21/2017,,,,,
1/22/2017,,,,,
1/23/2017,265.9,266.4175,263.81,266.02,446516
1/24/2017,266.43,269.1155,265.55,268.81,501149
1/25/2017,269.97,272.52,268.73,272.01,654943
1/26/2017,271.89,273.99,271.18,272.42,503707
1/27/2017,272.36,272.36,270.115,271.44,365536
1/28/2017,,,,,
1/29/2017,,,,,
1/30/2017,270.76,271.42,267.25,270.18,680866
1/31/2017,270.17,273.17,266.4,272.28,820936
2/1/2017,272.38,273.75,269.24,269.54,443158
2/2/2017,268.85,271.04,267.25,270.75,462881
2/3/2017,272,274.75,270.6,272.06,442797
2/4/2017,,,,,
2/5/2017,,,,,
2/6/2017,272.31,274.75,271.22,273.08,721736
2/7/2017,273.05,274.28,271.63,272.49,427963
2/8/2017,272.54,272.99,271.08,272.82,444062
2/9/2017,273.75,273.95,272.08,272.87,492101
2/10/2017,273.04,273.47,269.31,269.84,671380
2/11/2017,,,,,
2/12/2017,,,,,
2/13/2017,270.8,271.3,267.75,268.12,613411
2/14/2017,268.2,271.49,267.77,271.46,620953
2/15/2017,270.99,273.87,270.45,273.64,520093
2/16/2017,273.6,273.98,271,272.09,395892
2/17/2017,271.96,276.33,270.71,275.15,449624
2/18/2017,,,,,
2/19/2017,,,,,
2/20/2017,,,,,
2/21/2017,275.95,278.45,275.58,277.26,505487
2/22/2017,277.53,278.06,276.01,277.19,313052
2/23/2017,277.82,277.99,273.74,274.6,487380
2/24/2017,274.19,277.26,272.52,276.33,465618
2/25/2017,,,,,
2/26/2017,,,,,
2/27/2017,277,277.61,275.59,275.69,398208
2/28/2017,275.35,276.35,272.73,273.43,425338
3/1/2017,276.59,277.78,274.46,274.83,588362
3/2/2017,274.83,277.75,274.83,277.45,509064
3/3/2017,277.38,278.34,275.28,278.15,463225
3/4/2017,,,,,
3/5/2017,,,,,
3/6/2017,280.24,281.17,273.49,275.59,1079238
3/7/2017,274.75,275.16,268.23,269.92,1641595
3/8/2017,270.5,275.86,270.5,275.47,823437
3/9/2017,276.5,277.25,272.65,273.77,1726447
3/10/2017,271,287.19,270.5,286.42,4576917
3/11/2017,,,,,
3/12/2017,,,,,
3/13/2017,286.47,288.59,283.71,286.91,1086792
3/14/2017,285.21,286.69,283.8,285.38,616464
3/15/2017,286,288.55,284.45,287.78,548145
3/16/2017,287.73,289.13,285.09,286.32,487389
3/17/2017,287.63,289.27,286.08,288.81,665208
3/18/2017,,,,,
3/19/2017,,,,,
3/20/2017,288.8,288.98,284.27,285.71,655616
3/21/2017,286.2,286.43,280.93,281.28,588070
3/22/2017,281.28,284.05,280,283.26,701431
3/23/2017,283.01,284.77,280.95,281.22,489018
3/24/2017,281.78,282.91,279.83,281.53,342243
3/25/2017,,,,,
3/26/2017,,,,,
3/27/2017,279.64,281.88,277.09,280.14,514642
3/28/2017,279.79,283.65,279.71,282.86,379744
3/29/2017,283.17,283.99,281.57,283.43,411384
3/30/2017,283.06,285.54,281.72,285.51,500205
3/31/2017,285.24,285.96,283.76,285.23,433911
4/1/2017,,,,,
4/2/2017,,,,,
4/3/2017,285.51,285.98,281.92,282.03,644353
4/4/2017,282,284.04,280.85,281.57,397907
4/5/2017,281.69,284.41,280.49,281.65,406049
4/6/2017,282.65,285.02,282.21,284.96,504863
4/7/2017,285.21,286.99,283.75,284.5,342147
4/8/2017,,,,,
4/9/2017,,,,,
4/10/2017,287.46,287.46,285.3,286.59,370013
4/11/2017,286.74,287.08,283.31,286.65,356930
4/12/2017,285.71,286.18,283.03,283.78,336712
4/13/2017,284.21,285.83,282.68,282.68,330321
4/14/2017,,,,,
4/15/2017,,,,,
4/16/2017,,,,,
4/17/2017,283.49,284.73,282.21,283.17,325869
4/18/2017,282.75,284.18,282,282.86,291893
4/19/2017,282,282.43,276.02,279.46,1042008
4/20/2017,279.87,281.39,277.97,278.73,560266
4/21/2017,278.78,281.03,277.55,279.5,507275
4/22/2017,,,,,
4/23/2017,,,,,
4/24/2017,282.48,283,276.4,278.21,707189
4/25/2017,279.47,281.19,276.64,277.99,496230
4/26/2017,278.11,280.98,277.03,279.69,471185
4/27/2017,279.71,283.67,277.95,281.68,662677
4/28/2017,282.44,282.8,279.54,281.44,347388
4/29/2017,,,,,
4/30/2017,,,,,
5/1/2017,281.78,283.84,281.2,283.22,464797
5/2/2017,283.28,288.72,283.28,288.59,514910
5/3/2017,288.83,291.5,288.22,290.36,456286
5/4/2017,290.01,292.39,289.48,292.21,325029
5/5/2017,292.92,296.17,291.65,295.47,475818
5/6/2017,,,,,
5/7/2017,,,,,
5/8/2017,296,298.13,294.04,297.54,524762
5/9/2017,298.06,301.4,297.62,299.57,587146
5/10/2017,299.42,299.92,297.55,299.47,432498
5/11/2017,298.54,300.42,296.02,299.91,502396
5/12/2017,299.65,299.65,296.19,297.55,465177
5/13/2017,,,,,
5/14/2017,,,,,
5/15/2017,298.41,299.88,295.18,295.41,576639
5/16/2017,295.49,295.99,293.2,293.33,688367
5/17/2017,292.11,293.2,289.68,292.09,751431
5/18/2017,293.11,299.7,292.27,297.82,886492
5/19/2017,298.01,299.66,292.91,294.08,701868
5/20/2017,,,,,
5/21/2017,,,,,
5/22/2017,295.32,298.84,294.08,294.94,609719
5/23/2017,296.39,296.4,290,290.55,919483
5/24/2017,290.5,290.98,277.68,280.51,2020736
5/25/2017,282.26,293.84,282.26,293.04,1859956
5/26/2017,305.5,310,301.36,302.4,2853531
5/27/2017,,,,,
5/28/2017,,,,,
5/29/2017,,,,,
5/30/2017,302.02,306.87,302,303,805653
5/31/2017,304.11,304.97,301.3,304.84,552670
6/1/2017,304.45,307.19,304.27,306.72,507158
6/2/2017,309.99,311.78,307.7,311.47,679836
6/3/2017,,,,,
6/4/2017,,,,,
6/5/2017,313.14,314.86,311.54,313.73,838590
6/6/2017,313.21,314.08,306.01,306.96,933334
6/7/2017,307.93,309.63,306.88,307.94,479764
6/8/2017,309,310,305.52,307.27,532354
6/9/2017,308.33,310.19,306.84,307.87,507495
6/10/2017,,,,,
6/11/2017,,,,,
6/12/2017,305.88,307.49,300.48,301.02,824022
6/13/2017,301.68,303.02,299.02,302.69,531210
6/14/2017,302.44,303.51,299.45,302.21,635053
6/15/2017,300.73,300.74,296.94,300.13,385845
6/16/2017,298.42,299.6,294.41,295.94,799734
6/17/2017,,,,,
6/18/2017,,,,,
6/19/2017,296.69,297,291.04,294.17,876650
6/20/2017,294.85,299.97,294.85,296.5,999292
6/21/2017,295.67,296.89,288.22,288.84,979121
6/22/2017,288.8,290.51,283.1,284.14,1093110
6/23/2017,282.21,286.19,280.95,284.71,795564
6/24/2017,,,,,
6/25/2017,,,,,
6/26/2017,285,291.56,285,289.72,735458
6/27/2017,289.44,289.71,280.98,282.86,885572
6/28/2017,283.28,286.96,280.32,285.28,524723
6/29/2017,284.9,286.5,281.37,285.88,760052
6/30/2017,287.51,289.85,284.34,287.34,713705
7/1/2017,,,,,
7/2/2017,,,,,
7/3/2017,287.7,288.34,282.78,283.36,333040
7/4/2017,,,,,
7/5/2017,281,283.97,276.12,279.04,1287165
7/6/2017,276.51,277.72,271.43,273.24,1070702
7/7/2017,273.92,278.94,272.04,276.97,576123
7/8/2017,,,,,
7/9/2017,,,,,
7/10/2017,276.64,276.89,267.52,268.82,1087237
7/11/2017,268.57,269.25,253.09,255.98,3379299
7/12/2017,258.68,265.31,257.17,261.86,1909113
7/13/2017,265.5,265.5,257.19,257.4,1080128
7/14/2017,264.7,267.48,260.7,261.74,1552477
7/15/2017,,,,,
7/16/2017,,,,,
7/17/2017,261.75,262.48,253.69,253.94,1664055
7/18/2017,253.15,259.78,253.15,258.75,1561185
7/19/2017,259.17,260.79,255.14,256.75,1179522
7/20/2017,256.67,256.94,254.89,255.74,745749
7/21/2017,255.66,256.49,250.44,253.4,1091078
7/22/2017,,,,,
7/23/2017,,,,,
7/24/2017,253.3,256.13,250.88,252.08,823760
7/25/2017,252.49,257.11,250.53,256.61,906460
7/26/2017,245.79,249.98,243.61,247.24,2353994
7/27/2017,247.24,251.5,245.8,249.43,1170248
7/28/2017,247.01,252.57,246,248.6,669831
7/29/2017,,,,,
7/30/2017,,,,,
7/31/2017,243.88,251.92,243.28,251.21,962660
8/1/2017,253.14,257.06,252.45,255.27,1117790
8/2/2017,255,255.35,246.1,247.97,1188174
8/3/2017,246.94,251.98,246.24,251.28,676403
8/4/2017,252.15,254.59,250.01,250.2,458683
8/5/2017,,,,,
8/6/2017,,,,,
8/7/2017,249.56,251.92,248.53,248.81,617001
8/8/2017,248.89,252.87,247.23,250.64,529584
8/9/2017,249.85,254.42,249.18,253.08,659582
8/10/2017,252.09,252.2,246.69,246.87,684507
8/11/2017,247.95,251.98,247.95,251.05,382057
8/12/2017,,,,,
8/13/2017,,,,,
8/14/2017,251.8,252.88,247.45,248.47,679578
8/15/2017,248.81,248.93,237.36,237.67,1572080
8/16/2017,238.02,245.1,236,243.43,1297049
8/17/2017,241.83,245.25,240.96,241.43,671167
8/18/2017,240.85,247.36,240.85,244.2,812512
8/19/2017,,,,,
8/20/2017,,,,,
8/21/2017,236.67,240,233.02,234.21,1789383
8/22/2017,236.37,239.98,231.16,231.65,2154193
8/23/2017,231,233.44,228.5,232.06,2851430
8/24/2017,240,247.3,233.02,233.71,2321230
8/25/2017,215.44,217.8,208.25,212.36,7823651
8/26/2017,,,,,
8/27/2017,,,,,
8/28/2017,210.2,211.38,207,207.75,2727379
8/29/2017,205.14,212.73,204.01,211.78,1751565
8/30/2017,211.38,213.88,210.59,213.57,1500358
8/31/2017,214.82,221.15,214.47,221.01,2063719
9/1/2017,221.12,222.27,218.76,221.73,1646275
9/2/2017,,,,,
9/3/2017,,,,,
9/4/2017,,,,,
9/5/2017,221,223.94,220.01,223.9,1621281
9/6/2017,224.29,228.09,223.77,228,1514564
9/7/2017,228.52,231.28,228.25,230.53,1621308
9/8/2017,229.66,229.66,226,226.98,1110181
9/9/2017,,,,,
9/10/2017,,,,,
9/11/2017,227.87,228.89,227.12,228.6,712609
9/12/2017,229.54,229.56,225.52,226.88,1002823
9/13/2017,225.98,227.69,225.71,226.41,712647
9/14/2017,225.34,226.03,221.69,223.93,1438632
9/15/2017,223.49,224.88,222.81,224.67,924165
9/16/2017,,,,,
9/17/2017,,,,,
9/18/2017,225.73,228.69,225.34,227.08,1059337
9/19/2017,227.38,227.55,222.63,224.45,791113
9/20/2017,223.89,226.92,221.88,223.84,619709
9/21/2017,224.72,224.72,219.7,219.74,800372
9/22/2017,219.01,221.69,218.36,219.17,765893
9/23/2017,,,,,
9/24/2017,,,,,
9/25/2017,219.64,220.63,218.13,218.89,902700
9/26/2017,219,220.76,218.67,218.99,1416733
9/27/2017,219.28,228.8,219.28,227.66,1153908
9/28/2017,227.44,228.59,226.03,226.89,549480
9/29/2017,226.3,227.91,224.62,226.06,555113
9/30/2017,,,,,
10/1/2017,,,,,
10/2/2017,226.93,226.99,218.33,223.8,1057015
10/3/2017,222.47,227.79,221.76,227.62,864558
10/4/2017,226.76,227.42,222.85,223.52,598692
10/5/2017,223.53,224.99,220.62,220.63,1220856
10/6/2017,219.42,221.33,219.1,219.91,1352641
10/7/2017,,,,,
10/8/2017,,,,,
10/9/2017,220.1,220.9,215.61,217.34,627961
10/10/2017,217.15,217.84,212.69,212.69,835320
10/11/2017,212.19,212.68,207.67,207.89,2050701
10/12/2017,201.52,201.78,189.5,190.16,5466024
10/13/2017,191.98,200.9,187.96,198.58,3784546
10/14/2017,,,,,
10/15/2017,,,,,
10/16/2017,196.12,197.4,192.11,193.7,2301895
10/17/2017,196.44,202.66,195.27,202.28,1990436
10/18/2017,197.81,201.16,196.61,198.37,2392795
10/19/2017,198.06,208.69,197.12,204.62,2690939
10/20/2017,205.72,207.64,203.17,204.84,1109205
10/21/2017,,,,,
10/22/2017,,,,,
10/23/2017,204.84,204.97,202.11,202.36,803375
10/24/2017,201.96,203.77,201.27,203.31,662947
10/25/2017,202.6,203.43,199.56,201.29,709588
10/26/2017,201.23,202.26,199.4,200.51,685960
10/27/2017,200,200.36,196.01,198.93,950851
10/28/2017,,,,,
10/29/2017,,,,,
10/30/2017,197.86,204.95,196.78,201.69,820203
10/31/2017,202.18,203.88,200.29,201.79,721968
11/1/2017,203.79,212.35,202.14,204.83,1345413
11/2/2017,204.77,208.54,201.3,202.9,853592
11/3/2017,203.03,205.2,201.15,202.05,816176
11/4/2017,,,,,
11/5/2017,,,,,
11/6/2017,201.18,202.65,198.51,201.33,1255949
11/7/2017,201.64,202.85,196.54,198.01,750113
11/8/2017,198.26,199.4,194.13,195.9,1311573
11/9/2017,194.07,201.28,191.8,199.19,950113
11/10/2017,198.42,204.66,198.2,200.76,786793
11/11/2017,,,,,
11/12/2017,,,,,
11/13/2017,200.55,202.01,196.11,198.03,854586
11/14/2017,197.82,201.24,197.82,199.05,594101
11/15/2017,198.15,200.6,196.56,199.99,631755
11/16/2017,200.82,207.61,198.61,205.96,1045509
11/17/2017,208.02,215.68,206.61,215.1,1684717
11/18/2017,,,,,
11/19/2017,,,,,
11/20/2017,215.77,216.05,208.75,209.16,1282127
11/21/2017,207.06,211.9,203.09,209.96,1643900
11/22/2017,210.16,215.41,209.72,212.3,1146066
11/23/2017,,,,,
11/24/2017,212.69,214.08,209.27,210.37,438178
11/25/2017,,,,,
11/26/2017,,,,,
11/27/2017,210.95,212,205.84,206.69,1136204
11/28/2017,208.3,217.27,206.64,217.07,1778997
11/29/2017,218.98,227.4,218.82,223.1,1970391
11/30/2017,224.61,226.899,218.58,221.71,2199656
12/1/2017,208.07,217.61,201,212.58,6688253
12/2/2017,,,,,
12/3/2017,,,,,
12/4/2017,212.74,226.92,212.74,221.64,2643220
12/5/2017,223.77,226.14,219.7975,223.97,1566699
12/6/2017,222.68,225.26,219.53,223.14,1259401
12/7/2017,223.96,227.52,221.15,221.59,1025733
12/8/2017,222.41,225.309,219.1301,224.54,1463078
12/9/2017,,,,,
12/10/2017,,,,,
12/11/2017,224.16,224.43,215.5638,216.14,1122301
12/12/2017,216.25,217.225,210.72,214.87,1857135
12/13/2017,215.76,217.47,213.23,215.03,1045615
12/14/2017,216.08,218.2624,214.75,217.17,1379420
12/15/2017,218.37,220.1,216.01,218.25,1590772
12/16/2017,,,,,
12/17/2017,,,,,
12/18/2017,219.68,224.44,219.32,222.66,805490
12/19/2017,227.41,230.8,223.92,227.47,1144076
12/20/2017,228.49,230.89,224.21,226,895671
12/21/2017,226.29,229.58,225.93,228.57,1425711
12/22/2017,229.29,229.5599,224.73,226.27,1231223
12/23/2017,,,,,
12/24/2017,,,,,
12/25/2017,,,,,
12/26/2017,227.74,229.97,224.34,226.68,1377981
12/27/2017,226.49,227.6507,224.6,225.65,509503
12/28/2017,225.27,225.6,223,225.33,495543
12/29/2017,224.98,225.14,222.35,223.66,665698
12/30/2017,,,,,
12/31/2017,,,,,
1/1/2018,,,,,
1/2/2018,224.44,231,224.44,229.63,943327
1/3/2018,235.77,246.52,234.38,245.12,1962180
1/4/2018,248.01,249.3,240.25,244.88,1225572
1/5/2018,244.44,244.75,235.02,237.96,1766840
1/6/2018,,,,,
1/7/2018,,,,,
1/8/2018,237.25,238.9913,230.18,231.14,1338190
1/9/2018,231.2,233.54,227.818,232.92,926734
1/10/2018,231.17,233.16,229.15,230.45,514226
1/11/2018,231.4,233.5,228.01,233.15,698593
1/12/2018,233.54,237.72,233.49,237.32,1085170
1/13/2018,,,,,
1/14/2018,,,,,
1/15/2018,,,,,
1/16/2018,238.29,238.68,234.68,237.12,790606
1/17/2018,245.19,245.73,237.6,238.69,1352931
1/18/2018,238.82,243.96,238.255,243.15,1062253
1/19/2018,244.9,247.3,241.6575,244.13,1222443
1/20/2018,,,,,
1/21/2018,,,,,
1/22/2018,240.88,241.785,232.74,235.01,1961082
1/23/2018,233.85,234.78,227.88,228.79,1899479
1/24/2018,228.33,228.33,220.67,224.31,1660846
1/25/2018,224.87,228.74,223,227.29,1084155
1/26/2018,226.88,229.35,223.41,227.69,1394426
1/27/2018,,,,,
1/28/2018,,,,,
1/29/2018,227.53,230.9,225.38,229.15,838388
1/30/2018,225.84,228.785,223.065,226.05,679979
1/31/2018,226.46,226.89,221.02,222.1,943964
2/1/2018,220.6,222.02,217.53,219.4,806422
2/2/2018,219.18,221.96,216.2,219.47,998226
2/3/2018,,,,,
2/4/2018,,,,,
2/5/2018,218.51,224.39,212.99,212.99,1042740
2/6/2018,210.79,222.13,207.34,218.59,1568936
2/7/2018,217.99,221.67,216.91,218.06,736493
2/8/2018,218.88,219.94,209.01,209.09,788097
2/9/2018,211,220.44,205.5,218.55,1265899
2/10/2018,,,,,
2/11/2018,,,,,
2/12/2018,219.97,222.22,204.75,209.48,2641540
2/13/2018,208.44,211.25,206.26,206.79,1059110
2/14/2018,204.74,208.64,204.7,206.76,1292917
2/15/2018,207.24,208.25,203.38,204,1238830
2/16/2018,204.45,205.7305,201.63,203.15,1025309
2/17/2018,,,,,
2/18/2018,,,,,
2/19/2018,,,,,
2/20/2018,200.15,205,199.5,201.13,959292
2/21/2018,202.21,204.8399,199.83,201.19,724172
2/22/2018,201.26,204.84,199.54,204.05,865818
2/23/2018,205,207.21,203.77,207.11,755715
2/24/2018,,,,,
2/25/2018,,,,,
2/26/2018,206.9,207.04,198.32,198.93,1619056
2/27/2018,198.9,204.89,198.29,203.06,1186055
2/28/2018,204.49,208.98,203.33,203.35,990075
3/1/2018,203.62,204.84,199.54,200.71,808077
3/2/2018,198.08,199.08,191.701,194,2207951
3/3/2018,,,,,
3/4/2018,,,,,
3/5/2018,194,198.34,192.5,197.88,1314496
3/6/2018,198.4,202.89,198.4,200.22,1266054
3/7/2018,197.76,202.13,196.07,201.07,921920
3/8/2018,202.35,206.96,200.13,206.54,1003787
3/9/2018,207.47,208.75,202.81,205.92,1061123
3/10/2018,,,,,
3/11/2018,,,,,
3/12/2018,205.69,208.31,203.02,207.62,891865
3/13/2018,208.49,213.3,207.6,208.4,1427346
3/14/2018,208.84,209.49,201.25,201.99,1160930
3/15/2018,202.39,206.5,201,206.14,2226244
3/16/2018,210.35,223.5,207.54,221.88,5739806
3/17/2018,,,,,
3/18/2018,,,,,
3/19/2018,221.75,222.98,215.2,215.6,1305485
3/20/2018,216.89,219,214.22,215.63,1053803
3/21/2018,215.79,217.54,212.9,213,883007
3/22/2018,212.55,215.6145,207.21,207.36,1321606
3/23/2018,207.5,207.99,202.17,202.29,1248081
3/24/2018,,,,,
3/25/2018,,,,,
3/26/2018,205.07,208.3,204.78,207.9,1003522
3/27/2018,209.21,209.68,203.5,204.92,992505
3/28/2018,204.64,208.7799,204.2,205.11,783295
3/29/2018,206.01,207.865,203.31,204.27,1171089
3/30/2018,,,,,
3/31/2018,,,,,
4/1/2018,,,,,
4/2/2018,204.28,206.55,199.15,203.13,913452
4/3/2018,204.51,205.88,203.06,204.38,727293
4/4/2018,202.73,207.19,202.73,206.32,949649
4/5/2018,207.84,208.37,204.87,206.92,1036926
4/6/2018,206.31,213.31,205.48,208.26,1289013
4/7/2018,,,,,
4/8/2018,,,,,
4/9/2018,208.29,214.59,206.165,212.15,1253954
4/10/2018,217.5,221.725,216.67,221.06,1663170
4/11/2018,219.2,221.44,213,213.3,1205017
4/12/2018,214.17,218.78,212.39,217.81,1125679
4/13/2018,219.75,223.14,218.25,220.88,1368223
4/14/2018,,,,,
4/15/2018,,,,,
4/16/2018,226.68,230.59,224.35,227.93,1555216
4/17/2018,228.09,233.91,228.02,233.59,1261759
4/18/2018,233.89,237.88,231.11,233.04,1180230
4/19/2018,232.99,234.96,231.611,234.16,904443
4/20/2018,234.77,235.88,231.581,235.05,1090750
4/21/2018,,,,,
4/22/2018,,,,,
4/23/2018,236.19,240.08,235.37,238.65,1099463
4/24/2018,238.75,239.42,232.67,233.94,1207861
4/25/2018,234.82,238.34,234.39,236.2,695473
4/26/2018,237.61,244.65,236.36,243.61,928536
4/27/2018,243.59,249.51,242.3,248.81,1028857
4/28/2018,,,,,
4/29/2018,,,,,
4/30/2018,250.14,257.63,249.43,250.91,1228809
5/1/2018,252.06,254.34,248.42,250.62,922800
5/2/2018,248.91,250.5299,243.66,248.42,780587
5/3/2018,246.49,247.98,242.6,246.87,595100
5/4/2018,246.1,255.4,245.18,253.74,917252
5/5/2018,,,,,
5/6/2018,,,,,
5/7/2018,255,257.24,252.36,253.07,784277
5/8/2018,251.85,254.16,247.38,249.23,559115
5/9/2018,250.41,250.89,244.46,248.9,826297
5/10/2018,249.79,250.45,245.19,247.5,547877
5/11/2018,247.26,250.12,246.1,250,539614
5/12/2018,,,,,
5/13/2018,,,,,
5/14/2018,250.49,250.98,246.2,247.04,568421
5/15/2018,251.5,252.49,246.01,250.39,956153
5/16/2018,251.89,253.49,251.11,252.02,827387
5/17/2018,251.5,258.57,251.5,257.6,807711
5/18/2018,257.19,257.19,255.015,255.59,754483
5/19/2018,,,,,
5/20/2018,,,,,
5/21/2018,258.35,261.4,253.95,254.77,719440
5/22/2018,255.39,257.03,252.27,252.69,570258
5/23/2018,252.07,258.49,251.47,252.97,931517
5/24/2018,252.45,253.215,245.45,251.72,906845
5/25/2018,253.72,255.39,250.05,251.05,815389
5/26/2018,,,,,
5/27/2018,,,,,
5/28/2018,,,,,
5/29/2018,249.44,254.13,248.25,253.69,874299
5/30/2018,255.43,256.39,250.21,253.48,1163565
5/31/2018,256.14,256.89,246.01,246.91,2348453
6/1/2018,235.99,251.97,234.81,245.15,3982122
6/2/2018,,,,,
6/3/2018,,,,,
6/4/2018,245.81,257.33,244.43,256.6,1481511
6/5/2018,252.44,254.98,249.44,253.93,1199139
6/6/2018,254.6,258.8,251.7,255.85,1049693
6/7/2018,255.5,259.62,252,256.92,1240178
6/8/2018,255.23,256.59,248.13,253.06,1100368
6/9/2018,,,,,
6/10/2018,,,,,
6/11/2018,253.31,254.2397,250.53,251.84,779403
6/12/2018,251.28,252.7405,247.45,248.29,1220708
6/13/2018,249,251.805,246.93,247.52,1262490
6/14/2018,247.7,247.775,243.681,246.6,1454039
6/15/2018,246.21,248.54,244.08,247.88,1157311
6/16/2018,,,,,
6/17/2018,,,,,
6/18/2018,245.92,249.71,245.91,247.26,772306
6/19/2018,246.44,248.56,242.76,246.26,955545
6/20/2018,248.05,252.51,246.41,251.28,971718
6/21/2018,250.13,252.05,247.53,250.35,636531
6/22/2018,251.52,251.925,247.85,249.76,760449
6/23/2018,,,,,
6/24/2018,,,,,
6/25/2018,248.42,248.42,239.36,241.61,1052512
6/26/2018,242.36,243.77,237.08,238.75,667016
6/27/2018,239.5,240.72,235.66,236.05,717313
6/28/2018,236.5,240.92,235.62,239.67,858452
6/29/2018,242.05,242.71,233.22,233.46,1012752
6/30/2018,,,,,
7/1/2018,,,,,
7/2/2018,231.12,232.71,228.38,232.54,979157
7/3/2018,233.85,235.9,233.3201,235.28,476426
7/4/2018,,,,,
7/5/2018,235.81,237.87,232.865,237.86,874418
7/6/2018,238,244.19,237.87,242.61,1015332
7/7/2018,,,,,
7/8/2018,,,,,
7/9/2018,243.28,252.42,243.18,250.7,862287
7/10/2018,251.33,254.88,248.621,254.61,794873
7/11/2018,253.41,253.4137,249.8,252.2,560908
7/12/2018,253.21,254.3,251.71,252.87,625099
7/13/2018,253.63,260.42,253.45,259.87,944835
7/14/2018,,,,,
7/15/2018,,,,,
7/16/2018,260.33,260.5,253.95,255.5,864877
7/17/2018,254.35,256.67,252.71,253.08,661983
7/18/2018,252.08,253.41,248.28,250.64,828142
7/19/2018,250.87,258.7,250.24,257.41,781173
7/20/2018,256.74,259.3,253.46,254.52,645469
7/21/2018,,,,,
7/22/2018,,,,,
7/23/2018,254.51,257.47,252.93,255.05,549810
7/24/2018,255.29,255.53,245.765,249.24,752246
7/25/2018,249.24,254.1,248,253.39,730201
7/26/2018,254.03,257.41,251.17,251.88,429294
7/27/2018,251.39,253.81,248.66,249.99,488760
7/28/2018,,,,,
7/29/2018,,,,,
7/30/2018,247.89,249.27,242.185,243.54,623327
7/31/2018,245.03,246.43,243.66,244.39,484578
8/1/2018,243.92,245.66,237.71,238,717648
8/2/2018,233.65,236.3,229.62,234.81,1102108
8/3/2018,235.6,237.51,232.9,235.02,586404
8/4/2018,,,,,
8/5/2018,,,,,
8/6/2018,234.84,236.28,232.63,236.1,621691
8/7/2018,236.27,239.89,236.01,239.05,421168
8/8/2018,238.66,239.4671,235.77,236,502917
8/9/2018,236.51,237.74,230.56,236.15,848414
8/10/2018,234.25,237.49,232.52,236.52,587246
8/11/2018,,,,,
8/12/2018,,,,,
8/13/2018,236.5,239.77,231.53,233.44,736056
8/14/2018,233.95,237.94,233.465,236.02,694682
8/15/2018,234.5,235.98,231.81,231.98,1053242
8/16/2018,233.9,235.61,232.48,233.17,806239
8/17/2018,234.43,235.47,231.66,235.04,718519
8/18/2018,,,,,
8/19/2018,,,,,
8/20/2018,236,239.79,235.81,239.32,669308
8/21/2018,239.85,243.82,239.32,242.18,748062
8/22/2018,240.06,241.71,233.17,234.7,938604
8/23/2018,236.11,240.53,234.62,239.4,813337
8/24/2018,240.1,242.0699,237.65,241.67,719910
8/25/2018,,,,,
8/26/2018,,,,,
8/27/2018,242,245.17,239.64,240.84,789038
8/28/2018,241.67,245.374,239.44,242.47,784700
8/29/2018,241.77,242.92,240.16,241.73,986872
8/30/2018,240.73,246.21,240.57,244.41,1863923
8/31/2018,247.21,268.875,247.21,260,5311465
9/1/2018,,,,,
9/2/2018,,,,,
9/3/2018,,,,,
9/4/2018,260,274.98,258.27,274.37,2295300
9/5/2018,272.95,276.78,269.6344,274.93,1512675
9/6/2018,274.99,276.58,270.16,275.66,941218
9/7/2018,276.41,288.9666,276.35,285.8,2241493
9/8/2018,,,,,
9/9/2018,,,,,
9/10/2018,287.06,287.44,284.27,285.96,985382
9/11/2018,285.44,290.295,283.16,286.73,1041541
9/12/2018,287.41,289.65,282.55,283.63,1229136
9/13/2018,284.3,284.99,279.47,280.52,995461
9/14/2018,280.11,283,278.94,279.1,856526
9/15/2018,,,,,
9/16/2018,,,,,
9/17/2018,278.71,282.41,276.41,281.45,703970
9/18/2018,281.05,285.1,278.67,282.87,789336
9/19/2018,284.87,287.61,280.9,287.16,959238
9/20/2018,288.14,289.14,284.22,284.76,1143243
9/21/2018,285.83,286.53,280.73,280.77,1144558
9/22/2018,,,,,
9/23/2018,,,,,
9/24/2018,280.55,282.95,277.3,280.99,850443
9/25/2018,281.1,281.95,276.35,277.46,667308
9/26/2018,278.39,282.92,277.22,278.33,869073
9/27/2018,279.21,281.0608,276.69,279.28,685831
9/28/2018,278.97,285.51,278.95,282.12,763857
9/29/2018,,,,,
9/30/2018,,,,,
10/1/2018,284.12,285.24,281.7741,282.96,697565
10/2/2018,283.58,283.58,279.69,279.97,614465
10/3/2018,280.24,282.62,276.68,278.87,528814
10/4/2018,277.72,281.98,272.6,275,650820
10/5/2018,273.73,274.695,265,269.85,1152356
10/6/2018,,,,,
10/7/2018,,,,,
10/8/2018,270.37,275.89,270.1135,273.49,670203
10/9/2018,274.32,278,272.67,275.68,703033
10/10/2018,275.27,275.71,267.81,268.13,773972
10/11/2018,268.76,274.32,264.71,267.57,744527
10/12/2018,272.08,277.93,272,275.64,1033072
10/13/2018,,,,,
10/14/2018,,,,,
10/15/2018,276.15,285.01,275.08,281.73,882989
10/16/2018,283.66,286.55,278.23,285.41,731156
10/17/2018,286.33,287.05,278.96,281.92,521647
10/18/2018,280.63,283.17,271.26,273.44,846982
10/19/2018,275.5,277.858,270.62,270.78,977601
10/20/2018,,,,,
10/21/2018,,,,,
10/22/2018,271.91,275.15,270.925,274.61,1138266
10/23/2018,270.5,272.42,263.005,272.05,958982
10/24/2018,271.72,275.245,266.78,267.03,794681
10/25/2018,267.73,273.605,266.34,272.24,693334
10/26/2018,268.02,276.07,266,274.89,839824
10/27/2018,,,,,
10/28/2018,,,,,
10/29/2018,278.43,285.43,275.4,278.5,1015701
10/30/2018,278.6,279.5325,263.94,266.99,1455616
10/31/2018,271.42,277.65,271.41,274.52,939484
11/1/2018,275.9,277.73,272.21,272.95,703825
11/2/2018,275.36,282.24,275.04,281.95,957365
11/3/2018,,,,,
11/4/2018,,,,,
11/5/2018,283.34,288.65,282.54,285.13,1134881
11/6/2018,286.2,292.3748,285.34,291.79,1092971
11/7/2018,295.01,297.76,287,290.51,1622045
11/8/2018,281.76,308.88,275.11,304.49,1955801
11/9/2018,303.7,312.2,302.15,308.12,1552067
11/10/2018,,,,,
11/11/2018,,,,,
11/12/2018,308.5,312.38,305.5,308.99,1152564
11/13/2018,308.88,314.29,305.5133,314.25,802807
11/14/2018,315.15,321.73,309,313.13,1182442
11/15/2018,312.13,312.52,306.23,311.81,846004
11/16/2018,311.01,316.64,306.015,313.56,838486
11/17/2018,,,,,
11/18/2018,,,,,
11/19/2018,315.38,322.4899,311.1866,313.28,1031312
11/20/2018,304.97,310.2522,301.01,302.14,1135305
11/21/2018,304.15,305.9848,301.31,303.76,545292
11/22/2018,,,,,
11/23/2018,302.77,307.38,302.3324,303.32,334587
11/24/2018,,,,,
11/25/2018,,,,,
11/26/2018,306.99,309.22,299.6,301.11,1152749
11/27/2018,296.43,298.63,293.88,296.83,1546321
11/28/2018,299.19,302.2906,292.565,295.14,1563832
11/29/2018,298,302.71,297.02,300.37,1097219
11/30/2018,300.05,301.95,296.42,297.79,971130
12/1/2018,,,,,
12/2/2018,,,,,
12/3/2018,303.88,311.3,302.47,306.49,1384333
12/4/2018,304.78,308.4,289.21,291.13,1653455
12/5/2018,,,,,
12/6/2018,285,293.545,281.78,292.92,1745171
12/7/2018,271.45,276.11,252,254.47,4231014
12/8/2018,,,,,
12/9/2018,,,,,
12/10/2018,251.93,254.1,242.74,251.1,2690604
12/11/2018,255,256.93,246.56,247.86,1158845
12/12/2018,251.46,257.49,248.5446,255.15,1135098
12/13/2018,255.73,256.235,250.528,251.52,817560
12/14/2018,249.2,251.68,246.04,246.85,910282
12/15/2018,,,,,
12/16/2018,,,,,
12/17/2018,245.56,248.5104,240.5,241.95,892260
12/18/2018,244.86,248.945,237.55,240.91,1029961
12/19/2018,243.86,247.14,237.75,239.23,1267197
12/20/2018,237.85,241.1,230.209,234.01,1092394
12/21/2018,235.19,238.15,229.26,230.49,1695486
12/22/2018,,,,,
12/23/2018,,,,,
12/24/2018,228.65,234.29,224.4301,229.06,659961
12/25/2018,,,,,
12/26/2018,230.74,242.42,229.4885,242.2,1014106
12/27/2018,238.77,242.495,233.85,242.27,669599
12/28/2018,243.5,247.09,238.17,239.45,636987
12/29/2018,,,,,
12/30/2018,,,,,
12/31/2018,240.35,244.86,239.5648,244.84,719791
1/1/2019,,,,,
1/2/2019,239.96,249.4,239.31,247.97,1055029
1/3/2019,245.83,247,240.13,243.36,868602
1/4/2019,247.08,258.48,246,255.03,864514
1/5/2019,,,,,
1/6/2019,,,,,
1/7/2019,256.97,271.15,256.97,271,1247844
1/8/2019,271.92,276.5,267.43,276,919879
1/9/2019,275.82,282.1,274.915,281.19,707695
1/10/2019,274.8,277.71,269.29,277.03,965600
1/11/2019,276.81,284.38,275.87,284.11,893320
1/12/2019,,,,,
1/13/2019,,,,,
1/14/2019,282.06,282.93,274.89,274.9,928479
1/15/2019,274.97,280.52,273.312,278.49,570855
1/16/2019,277.76,282.18,277.505,282.01,472999
1/17/2019,280.19,284.34,280,283.9,679678
1/18/2019,286.28,292.22,286.085,291.5,990463
1/19/2019,,,,,
1/20/2019,,,,,
1/21/2019,,,,,
1/22/2019,288.1,294.44,285.8198,288.85,846062
1/23/2019,289.41,292.0349,286.13,288.2,630767
1/24/2019,289.61,289.7,286.12,287.99,353647
1/25/2019,291.1,293.66,287.63,290.72,570707
1/26/2019,,,,,
1/27/2019,,,,,
1/28/2019,291,291.5,286.33,290.28,554787
1/29/2019,290.37,290.4,286.13,288.82,516935
1/30/2019,290.28,290.99,286.4,288.6,539043
1/31/2019,288.66,294.07,286.04,291.92,491927
2/1/2019,292.38,293.39,288.01,291.36,519463
2/2/2019,,,,,
2/3/2019,,,,,
2/4/2019,289.76,289.76,282.9,289.04,765140
2/5/2019,290.5,296.5552,288.68,294.04,998875
2/6/2019,293.57,295.95,288.05,293.45,506785
2/7/2019,291.18,294.57,288.09,293.64,463682
2/8/2019,291.58,296.48,289.25,296.06,782013
2/9/2019,,,,,
2/10/2019,,,,,
2/11/2019,296.25,302.33,296.25,298.1,668155
2/12/2019,301.23,305,300.73,302.5,535294
2/13/2019,304.16,304.83,299.72,303.95,622060
2/14/2019,302.68,307.59,300.92,305,1257932
2/15/2019,307.42,308.525,305.44,306.36,565579
2/16/2019,,,,,
2/17/2019,,,,,
2/18/2019,,,,,
2/19/2019,304.1,305.82,299.76,304.65,1038415
2/20/2019,304.63,307.5,303.01,306.31,526971
2/21/2019,306.28,309.7,304.115,308.02,671530
2/22/2019,309.63,310.93,308,310.72,580745
2/23/2019,,,,,
2/24/2019,,,,,
2/25/2019,311.54,313.6299,308.03,309.05,546264
2/26/2019,308.65,311.02,308.18,310,508317
2/27/2019,307.48,309.47,305.12,307.11,642921
2/28/2019,306.02,315.16,304.3,312.49,756350
3/1/2019,315.61,318.779,313.82,315.3,553988
3/2/2019,,,,,
3/3/2019,,,,,
3/4/2019,316.97,317.78,308.03,311.5,832668
3/5/2019,312.98,314.3,310.3,312.24,963213
3/6/2019,312.11,313.21,308.98,312.51,711465
3/7/2019,312.01,312.2,304.48,305.45,877898
3/8/2019,302.87,306.99,294,306.39,863981
3/9/2019,,,,,
3/10/2019,,,,,
3/11/2019,308,310.34,306.565,309.75,905969
3/12/2019,310.69,312,304.32,311.41,779268
3/13/2019,312.05,316.98,311.06,315.44,796764
3/14/2019,315.73,315.73,311.61,312.51,1271170
3/15/2019,327.97,345.24,327,338.41,3882889
3/16/2019,,,,,
3/17/2019,,,,,
3/18/2019,338.6,344.53,336.87,342.22,949808
3/19/2019,342.97,343.919,331.32,334.45,1461914
3/20/2019,335,337.5,330.51,330.79,934110
3/21/2019,329.22,336.55,328.829,335.13,759099
3/22/2019,334.18,336.07,328.6343,330.52,695030
3/23/2019,,,,,
3/24/2019,,,,,
3/25/2019,330.88,338.25,330.88,336.67,811861
3/26/2019,339.62,345.63,337.45,342.9,847941
3/27/2019,343.7,348.4,343.34,346.05,724648
3/28/2019,347.89,351.434,343.3041,345.23,667504
3/29/2019,347.6,350,344.95,348.73,526476
3/30/2019,,,,,
3/31/2019,,,,,
4/1/2019,351.5,353.775,350.74,352.55,582321
4/2/2019,353.37,354.09,346.59,347.3,514410
4/3/2019,349.47,354.44,347.63,350.53,507664
4/4/2019,350.53,352.5005,347.75,350.14,397210
4/5/2019,351.73,354.18,348.74,353.63,590451
4/6/2019,,,,,
4/7/2019,,,,,
4/8/2019,353.56,355.725,351.29,354.47,439663
4/9/2019,352.36,355.2807,347.3,348.2,551709
4/10/2019,349.76,350.85,345.3825,350.28,532422
4/11/2019,350.88,351.87,348.0025,350.22,708751
4/12/2019,350.65,351.88,344.27,344.83,559597
4/13/2019,,,,,
4/14/2019,,,,,
4/15/2019,346.76,354.67,345.99,353.94,678851
4/16/2019,354.78,356.8022,349.45,355.08,682236
4/17/2019,355.08,359.69,353.93,354.33,525394
4/18/2019,356.63,359.095,350.25,350.88,568164
4/19/2019,,,,,
4/20/2019,,,,,
4/21/2019,,,,,
4/22/2019,350.33,351.47,344.26,347.41,525820
4/23/2019,347.72,355.855,347.49,351.63,556517
4/24/2019,351.33,357.91,351.33,355.84,444359
4/25/2019,355.32,355.3424,348.54,353.7,397588
4/26/2019,356.86,358.435,350.01,357.94,572031
4/27/2019,,,,,
4/28/2019,,,,,
4/29/2019,356.97,357.895,350.65,350.9,578949
4/30/2019,351.12,352.16,346.99,348.98,736645
5/1/2019,347.81,348.33,334.65,334.94,1151636
5/2/2019,335.01,344.11,335.01,343.68,875374
5/3/2019,344.27,346.12,339.98,341.96,728586
5/4/2019,,,,,
5/5/2019,,,,,
5/6/2019,336.53,347.61,335.78,346.68,712071
5/7/2019,344.29,347.31,338.8946,342.36,698072
5/8/2019,341.82,350.55,340.03,348.15,577399
5/9/2019,344.52,349.13,343.28,348.05,460598
5/10/2019,347.01,347.01,337.01,343.24,685578
5/11/2019,,,,,
5/12/2019,,,,,
5/13/2019,337.21,338.98,328.34,330.23,813465
5/14/2019,332.56,336.8,325.6186,335.32,949187
5/15/2019,335.06,340.95,333.47,340.7,677928
5/16/2019,341.31,348.46,341.31,343.24,512094
5/17/2019,342.59,349.56,342.1,342.45,573389
5/18/2019,,,,,
5/19/2019,,,,,
5/20/2019,340.5,348.31,339.0328,347.89,829220
5/21/2019,348.61,354.54,347.9,353.16,545642
5/22/2019,351.8,354.62,348.89,349.09,466345
5/23/2019,347.03,347.1398,336.07,337.83,1026755
5/24/2019,338.81,340.84,330.43,335.09,615107
5/25/2019,,,,,
5/26/2019,,,,,
5/27/2019,,,,,
5/28/2019,336.22,338.5,333.01,334.85,1026708
5/29/2019,332.37,334.59,321.82,322.07,1033748
5/30/2019,327.64,334.0253,321.18,328.46,1317968
5/31/2019,315.33,335.1263,304.04,333.38,3198001
6/1/2019,,,,,
6/2/2019,,,,,
6/3/2019,333.89,337.36,327.85,330.6,1023700
6/4/2019,332.3,340.55,331.6,335.53,773624
6/5/2019,338.01,338.64,331.26,337.48,577235
6/6/2019,339.85,341.96,336.38,340.33,590749
6/7/2019,340.69,343.96,337.68,338.16,567317
6/8/2019,,,,,
6/9/2019,,,,,
6/10/2019,339.11,344.49,335.63,337.05,561587
6/11/2019,341.22,341.89,334.56,340.01,431001
6/12/2019,341.88,343.88,339.14,342.82,480842
6/13/2019,344.62,350.2,343.6236,349.81,732345
6/14/2019,349.34,355.61,349.0271,354.62,905076
6/15/2019,,,,,
6/16/2019,,,,,
6/17/2019,355.61,357.54,349.56,350.19,605421
6/18/2019,352.58,354.09,345.9,347.21,617834
6/19/2019,346.77,358.43,343.628,357.84,564870
6/20/2019,360.42,365.535,355.165,358.34,743500
6/21/2019,359.28,360.47,355.28,355.81,730417
6/22/2019,,,,,
6/23/2019,,,,,
6/24/2019,357.73,358.69,340.26,346.54,1684659
6/25/2019,345,348.92,340.8745,348.69,640656
6/26/2019,350.58,352.65,344.27,344.82,561798
6/27/2019,346.5,347.425,339.5305,344.22,619539
6/28/2019,345.94,347.38,343.89,346.89,784345
6/29/2019,,,,,
6/30/2019,,,,,
7/1/2019,350.55,353.76,339.88,340.38,794018
7/2/2019,340.76,345.78,338.25,341.33,590555
7/3/2019,343.65,346,341.21,345.43,330025
7/4/2019,,,,,
7/5/2019,343.33,348.49,343.33,344.95,481437
7/6/2019,,,,,
7/7/2019,,,,,
7/8/2019,343.61,353.08,343.61,352.69,623014
7/9/2019,351.2,353.19,347,348.48,729058
7/10/2019,349.38,349.91,342.78,347.2,595659
7/11/2019,348,349.95,346.155,346.98,537158
7/12/2019,348,357.275,347.27,356.39,651431
7/13/2019,,,,,
7/14/2019,,,,,
7/15/2019,356.97,361.27,354.3001,355.68,741664
7/16/2019,356.57,361.85,355.61,360.54,1409531
7/17/2019,361.52,368.83,361.52,366.39,713716
7/18/2019,363.55,368.72,363.55,366.21,518659
7/19/2019,365.19,367.01,356.45,357,574627
7/20/2019,,,,,
7/21/2019,,,,,
7/22/2019,357.79,359.8,351.09,352.95,550264
7/23/2019,354,354.11,349.98,351.99,648404
7/24/2019,351.99,353.17,348.75,352.94,532145
7/25/2019,353.73,359.74,352,354.62,486877
7/26/2019,355.72,356.045,349.56,353.88,497649
7/27/2019,,,,,
7/28/2019,,,,,
7/29/2019,352.67,353.195,341.4,346.13,815667
7/30/2019,345.03,350.45,342.1516,348.63,579725
7/31/2019,347.62,354,344.365,349.25,521277
8/1/2019,348.73,352.08,341.895,345.51,683861
8/2/2019,346.24,348.57,334.16,337.02,811059
8/3/2019,,,,,
8/4/2019,,,,,
8/5/2019,331.98,331.98,326.34,330.14,728400
8/6/2019,330.37,340.95,329,340.28,688204
8/7/2019,337.22,344.36,336.7,343.68,756093
8/8/2019,345.18,355.36,344.76,353.04,588157
8/9/2019,351.49,353.3994,345,346.7,522708
8/10/2019,,,,,
8/11/2019,,,,,
8/12/2019,345.91,345.91,332.68,336.51,759225
8/13/2019,334.31,348.315,333.3344,341.2,576810
8/14/2019,330.06,332.2,320.165,321,1249274
8/15/2019,320.74,324.865,315.49,320.44,990467
8/16/2019,323.52,327.89,319.26,322.03,573548
8/17/2019,,,,,
8/18/2019,,,,,
8/19/2019,327.43,328.765,322.45,325.25,812589
8/20/2019,325.17,328.28,320.51,323.08,475818
8/21/2019,327.24,331.486,326.81,328.12,521112
8/22/2019,328.54,338.5,328.54,334.87,755990
8/23/2019,330.64,332.37,321.2425,322.1,1100266
8/24/2019,,,,,
8/25/2019,,,,,
8/26/2019,327,331.99,324.54,330.22,1008562
8/27/2019,333.16,334.7999,323.6,323.77,1001709
8/28/2019,323.77,331.45,321.16,330.38,748079
8/29/2019,337.5,342,333.09,337.45,3171999
8/30/2019,252.81,254.499,235.76,237.73,16116168
8/31/2019,,,,,
9/1/2019,,,,,
9/2/2019,,,,,
9/3/2019,234.05,244.21,231.02,237.41,5435457
9/4/2019,238,239.86,228.2,228.76,4028313
9/5/2019,229.03,237.85,227.71,236.71,3264312
9/6/2019,237.84,239.24,233.03,233.1,2026045
9/7/2019,,,,,
9/8/2019,,,,,
9/9/2019,233.74,234.17,226.03,226.16,2181315
9/10/2019,225.5,233.17,225.28,231.42,2241474
9/11/2019,231.68,233.88,227.26,228.15,1496657
9/12/2019,229.06,229.3599,225.12,226.16,1872456
9/13/2019,227.6,227.95,225.53,226.86,1127024
9/14/2019,,,,,
9/15/2019,,,,,
9/16/2019,226.26,230.12,224.6557,225.45,1361659
9/17/2019,225.69,235.09,225.15,233.85,2217206
9/18/2019,233.74,233.74,227.38,229.34,1685239
9/19/2019,229.6,232.7,228.61,230.07,1105848
9/20/2019,229.79,232.26,227.65,228.75,2013240
9/21/2019,,,,,
9/22/2019,,,,,
9/23/2019,229.55,239.92,229.27,237.31,2382930
9/24/2019,237.89,241.3,235.2949,239.48,2325962
9/25/2019,238.75,239.425,233.2786,235.54,1421394
9/26/2019,236.4,238.53,234.75,236.31,1190741
9/27/2019,238.14,246.46,237.4,244.4,2107582
9/28/2019,,,,,
9/29/2019,,,,,
9/30/2019,245.58,251.76,245,250.65,2335643
10/1/2019,253.45,267.25,253.01,265.99,4329279
10/2/2019,263.31,264,256.89,262.79,2495100
10/3/2019,263.37,265.21,250.65,257.43,2261053
10/4/2019,257.71,258.0937,250.26,250.6,1724765
10/5/2019,,,,,
10/6/2019,,,,,
10/7/2019,250.25,250.98,242.32,242.75,2308657
10/8/2019,240.06,240.99,235.2,237.03,3531666
10/9/2019,238.14,240.67,235.6701,238.04,1494676
10/10/2019,237.65,242.3,237.0228,241.75,1144269
10/11/2019,245.41,249.55,244.115,248.46,1246627
10/12/2019,,,,,
10/13/2019,,,,,
10/14/2019,247.07,249.39,245.8,246.57,768291
10/15/2019,247.01,249.19,244.25,245.4,724072
10/16/2019,245.71,247.7299,243.51,244.98,723055
10/17/2019,244.97,251.67,244.97,248.1,1153722
10/18/2019,246.8,247.2385,239.8,239.92,1307451
10/19/2019,,,,,
10/20/2019,,,,,
10/21/2019,240.57,241.04,235.24,235.3,1673405
10/22/2019,236.26,240.38,236.26,236.91,1001014
10/23/2019,237.41,238.24,231.08,237.87,956899
10/24/2019,237.77,240.85,236.27,238.93,889662
10/25/2019,238.38,242.475,237.73,240.9,659343
10/26/2019,,,,,
10/27/2019,,,,,
10/28/2019,240,246.6,240,241.74,1159825
10/29/2019,242.08,243.98,237.37,242.11,908754
10/30/2019,241.76,241.77,238.18,240.25,593305
10/31/2019,239.96,240.25,229.79,233.15,2443196
11/1/2019,235.16,235.4699,232.9,233.11,1533565
11/2/2019,,,,,
11/3/2019,,,,,
11/4/2019,233.95,237.5799,232.09,237.19,1890520
11/5/2019,237.51,247.64,237.51,245.42,1517161
11/6/2019,246.11,246.75,241.35,243.99,627044
11/7/2019,246.59,248.88,243.45,243.77,763208
11/8/2019,242.23,243.2,238.3,239.29,852814
11/9/2019,,,,,
11/10/2019,,,,,
11/11/2019,238.78,243.68,238.78,241.96,611967
11/12/2019,241.16,246.1,239.74,243.97,867457
11/13/2019,241.99,245.14,238.6429,244.04,582441
11/14/2019,244.95,245.6647,241.35,242.87,710244
11/15/2019,243.14,246.73,240.13,246.3,872448
11/16/2019,,,,,
11/17/2019,,,,,
11/18/2019,245.47,245.99,242.76,244.33,810438
11/19/2019,243.79,243.85,238.28,239.6,1111997
11/20/2019,236.83,236.95,231.97,234.29,1764634
11/21/2019,234.35,237.635,226.71,228.49,2393018
11/22/2019,229,231.95,227.13,228.86,1853947
11/23/2019,,,,,
11/24/2019,,,,,
11/25/2019,227.81,231.5123,222,231.21,2191263
11/26/2019,231.13,236.8522,231.13,235.97,1555605
11/27/2019,237.47,242.43,233.475,233.98,1405634
11/28/2019,,,,,
11/29/2019,234.36,236.51,232.821,233.86,661149
11/30/2019,,,,,
12/1/2019,,,,,
12/2/2019,233.37,237.185,232.617,236.27,1144320
12/3/2019,235.24,238.11,234.26,237.1,1126341
12/4/2019,238.49,242.45,237.51,239.425,1354847
12/5/2019,241.1,244.2764,234.69,236.02,3064414
12/6/2019,256.86,269.89,254.4,262.2,6790548
12/7/2019,,,,,
12/8/2019,,,,,
12/9/2019,260.39,260.84,252.52,252.64,2738436
12/10/2019,251.7,252.73,248.58,250.37,1739950
12/11/2019,250.27,251.79,245.92,251.64,1171937
12/12/2019,252.51,259.62,250.91,258.87,1209674
12/13/2019,259.4,260.22,253.4,253.5,993261
12/14/2019,,,,,
12/15/2019,,,,,
12/16/2019,254.53,255.84,248.35,249.1,1025738
12/17/2019,249,256.08,248.8,255.96,1043967
12/18/2019,256.22,256.486,249,250.07,1320087
12/19/2019,251.42,251.8794,247.05,250.69,1126346
12/20/2019,251.18,251.18,247.56,250.5,1984079
12/21/2019,,,,,
12/22/2019,,,,,
12/23/2019,252.05,253.5499,250.84,253.02,996702
12/24/2019,253.22,257.69,252.22,252.49,534412
12/25/2019,,,,,
12/26/2019,253,255.49,248.7818,251.33,776791
12/27/2019,252.62,255.62,251.75,253.17,744629
12/28/2019,,,,,
12/29/2019,,,,,
12/30/2019,253.18,254.05,249.7098,251.35,652901
12/31/2019,251.29,253.7,250.31,253.14,773817
1/1/2020,,,,,
1/2/2020,254.32,254.8289,250.6456,254.55,1160371
1/3/2020,252.28,252.48,249.22,250.17,921546
1/4/2020,,,,,
1/5/2020,,,,,
1/6/2020,248.71,251.09,246.74,250.95,880606
1/7/2020,250.41,254.84,250.01,253.09,1161814
1/8/2020,252.45,259.1759,252.45,258,1123486
1/9/2020,259.67,266.3218,259.395,263.5,1580517
1/10/2020,264.18,267.3,262.44,267.28,1454140
1/11/2020,,,,,
1/12/2020,,,,,
1/13/2020,269.24,279.45,269.05,275.7,1868618
1/14/2020,276.35,283.16,276.1718,282.62,1480462
1/15/2020,282.63,284.06,275.8001,276.2,1469102
1/16/2020,277.99,280.16,276.35,277,715292
1/17/2020,278,278.19,271.18,272.89,805475
1/18/2020,,,,,
1/19/2020,,,,,
1/20/2020,,,,,
1/21/2020,272.89,276.84,269.75,272.01,1089590
1/22/2020,273.38,276.19,272.5,273.92,1068294
1/23/2020,273.73,274.39,268.93,272.2,904451
1/24/2020,272.26,275.24,270.87,272.98,786360
1/25/2020,,,,,
1/26/2020,,,,,
1/27/2020,267.36,276.51,266.21,273.7,837826
1/28/2020,275,277.26,271.78,273.87,636127
1/29/2020,274.5,275.69,271.11,273.98,476980
1/30/2020,270.55,275,270.15,274.49,621514
1/31/2020,274.27,274.27,266.7375,267.91,730840
2/1/2020,,,,,
2/2/2020,,,,,
2/3/2020,273,280,272.16,274.96,947958
2/4/2020,277.52,279.88,272.86,273.52,957657
